,Open,High,Low,Close,Volume,Prev Tokyo Close,Actual Next Tokyo Open,Predicted Next Tokyo Open
0,12974.19043,13050.16016,12518.20996,12572.92969,5283460000.0,22331.18927001691,22267.000000000004,22313.148251613206
1,12386.83984,12779.150389999999,12337.75977,12745.450199999997,5891660000.0,22064.27307716486,22001.289060000003,22055.65846479449
2,12696.950199999997,12866.58008,12685.42969,12687.17969,4626570000.0,21783.28553551778,21721.57031,21752.926326277237
3,12701.87988,12701.87988,12270.65039,12270.650390000003,5305440000.0,21568.48553190917,21507.740230000003,21552.02177817824
4,12364.309570000001,12484.61035,12048.66016,12405.82031,5680070000.0,21694.654856081146,21633.33984,21683.571483454805
5,12512.29981,12599.71973,12481.98047,12574.37012,3472870000.0,21310.822059465954,21251.240230000003,21263.824927707836
6,12515.49023,12761.42969,12504.24023,12746.71973,4003740000.0,21444.28408362756,21384.09961,21403.965498059595
7,12817.179689999999,12857.719729999999,12695.24023,12856.87012,3684910000.0,21616.954391735228,21555.99023,21570.681626122932
8,12826.90039,12961.12012,12826.90039,12874.36035,3637460000.0000005,22117.544874525494,22054.32031,22068.33915955619
9,12817.139650000001,12855.719729999999,12730.00977,12763.33984,3627610000.0000005,22005.13690939821,21942.419920000004,21956.867684055138
10,12777.36035,12896.92969,12695.309569999998,12695.530270000001,3779400000.0,21851.905939094802,21789.88086,21807.249933634987
11,12732.820310000001,12828.0,12687.24023,12711.75,3701270000.0,21851.745052616257,21789.7207,21805.613446077
12,12766.12988,12885.12988,12755.339840000002,12884.11035,3189190000.0,22198.229523878133,22134.640630000005,22140.6960818462
13,12922.160160000001,13005.509769999999,12881.980469999999,12999.62012,3424650000.0,22456.424687156938,22391.669920000004,22400.972620822227
14,12986.940430000002,13018.15039,12819.21973,12819.21973,3745080000.0,22356.834369771466,22292.529300000002,22308.866711160143
15,12852.11035,12873.849609999997,12650.80957,12652.54981,4230660000.0,21963.660564082358,21901.130860000005,21926.530149852024
16,12644.429689999999,12716.4502,12435.87012,12518.73047,4503970000.0,21399.964821196336,21339.98047,21369.004678123907
17,12444.650389999999,12576.559569999998,12391.20996,12557.99023,3882450000.0,21106.469631603137,21047.81055,21066.18085184873
18,12498.4502,12710.57031,12482.78027,12680.730470000002,3710810000.0,21450.4113611837,21390.199220000002,21405.910389894212
19,12722.309569999998,12735.440430000002,12648.249999999998,12720.76953,3370690000.0,21321.591398123484,21261.960940000004,21272.418571199934
20,12634.040039999998,12724.83984,12603.5,12707.00977,3393270000.0,21548.81664759384,21488.160160000003,21498.980410222885
21,12725.16016,12754.32031,12672.360350000003,12745.00977,3212320000.0,21655.35827342465,21594.220700000005,21602.051342206847
22,12802.13965,12918.82031,12782.929690000003,12918.82031,3364100000.0000005,21888.28897571294,21826.09961,21835.31333360005
23,12930.429690000003,12963.419920000002,12881.169919999998,12898.40039,3185020000.0,21804.259151312825,21742.44922,21749.104613822212
24,12938.5,12963.089840000002,12809.070309999997,12831.75,3301650000.0000005,21826.90240631859,21764.990230000003,21773.90337392203
25,12874.51953,12892.90039,12743.90039,12762.66992,3391360000.0,21765.77679527461,21704.140630000005,21714.842565738534
26,12788.16016,12813.59961,12722.929689999999,12743.61035,3500330000.0,21938.947412514633,21876.5293,21888.92427702126
27,12752.69043,12821.86035,12752.69043,12784.389650000001,5372340000.0,21598.782497036038,21537.90039,21580.306062287378
28,12755.54981,12755.54981,12580.07031,12651.459960000002,3302130000.0,21357.774311088677,21297.98047,21307.89200905489
29,12663.25,12692.53027,12643.58984,12663.63965,3261030000.0,21412.199757721413,21352.16016,21361.261230205226
30,12574.16016,12597.09961,12369.73047,12377.389649999997,3739800000.0,21248.099386934005,21188.80078,21206.48951642334
31,12413.61035,12449.03027,12166.54004,12177.7002,3815080000.0,20479.195783502022,20423.36914,20441.601066496845
32,12327.059570000001,12444.40039,12241.480469999999,12433.15039,3511100000.0,21017.156179123285,20958.90039,20972.406502834237
33,12466.38965,12517.25977,12246.41016,12302.54004,3706350000.0,20951.007878259228,20893.05078,20910.13523391517
34,12325.29004,12399.23047,12271.030269999997,12308.900390000003,3864499999.9999995,21310.541502619093,21250.96094,21270.6765037995
35,12356.190430000002,12512.0,12356.08008,12452.05957,3565990000.0,21502.01546813338,21441.570310000003,21456.18584381905
36,12432.889649999997,12441.84961,12107.71973,12216.70996,3598519999.9999995,21174.44649931134,21115.48047,21131.707036173873
37,12274.25977,12380.25,12220.209959999998,12367.07031,3392810000.0,21476.178100197045,21415.849610000005,21428.109940977905
38,12218.910160000001,12482.70996,12193.84961,12466.450199999997,3350340000.0,21602.07667179309,21541.17969,21552.221824195516
39,12512.419919999998,12605.08008,12509.910159999998,12571.94043,3178970000.0,21695.04725796123,21633.730470000002,21641.746584551373
40,12511.59961,12552.46973,12263.929689999999,12349.11035,3299700000.0,21595.19599227074,21534.33008,21545.532785492887
41,12412.940430000002,12532.849610000001,12374.919919999998,12380.54981,3062960000.0,21660.832210841047,21599.66992,21606.86772791443
42,12380.55957,12601.249999999998,12380.559570000001,12565.96973,3543930000.0,21881.247409712054,21819.089840000004,21832.814147592566
43,12509.38965,12580.98047,12501.28027,12514.58984,3020760000.0,21719.29541988076,21657.86914,21663.676629195128
44,12558.98047,12623.70996,12552.719730000003,12580.21973,3021320000.0,21863.487535480144,21801.410160000003,21806.677579752228
45,12580.21973,12640.879879999999,12503.669920000002,12546.04981,2960910000.0,21905.81930343379,21843.55078,21847.98152548567
46,12601.40039,12660.110349999999,12573.040040000002,12628.20996,3019700000.0,21863.909360218342,21801.830080000003,21806.8567876427
47,12680.389650000001,12733.67969,12665.490230000001,12705.75977,3234360000.0,21991.665931562016,21929.009770000004,21937.020062882875
48,12737.12988,12774.370119999998,12722.099609999997,12732.84961,3383410000.0,22295.889253747875,22231.85938,22241.924923421087
49,12714.61035,12716.950199999997,12622.01953,12671.480469999999,3349370000.0,22211.871192463794,22148.220700000005,22158.0945285153
50,12670.91992,12680.87012,12571.20996,12607.16016,3388590000.0,22221.57517051431,22157.880860000005,22168.73725447601
51,12618.07031,12640.160159999998,12567.219729999999,12610.769530000001,3017479999.9999995,22292.836398663276,22228.82031,22232.95202602124
52,12659.92969,12675.92969,12442.92969,12514.0,3706740000.0000005,22182.13536112135,22118.619140000003,22135.61157890713
53,12491.42969,12539.589840000002,12408.78027,12517.86035,3499440000.0,22343.012186074702,22278.76953,22291.69887309429
54,12539.650390000003,12621.160159999998,12521.84961,12582.90039,3665720000.0,22531.75507950684,22466.660160000003,22482.176022542833
55,12567.66992,12614.88965,12552.96973,12594.01953,3219030000.0,22518.454782374745,22453.41992,22460.636345474453
56,12490.24023,12493.07031,12388.9502,12493.019529999998,3559850000.0,22633.744901791808,22568.189450000005,22581.936470782588
57,12486.11035,12521.65039,12402.28027,12418.05957,4010770000.0,22578.526816018464,22513.220700000005,22536.037023485635
58,12493.34961,12567.700199999997,12492.83984,12519.75,3237960000.0000005,22505.627330362007,22440.65039,22448.5669024322
59,12498.160159999998,12522.34961,12458.25,12520.24023,3717570000.0,22528.08813150227,22463.00977,22479.737961707295
60,12565.230469999999,12652.11035,12555.179689999999,12632.490230000001,3909500000.0,22547.67658262368,22482.50977,22502.34594007626
61,12660.230469999999,12748.57031,12653.80957,12731.63965,3333050000.0,22639.530797849016,22573.949220000002,22582.408801656708
62,12748.910159999998,12788.75,12730.589839999999,12761.82031,2862699999.9999995,22771.47816260704,22705.300780000005,22704.42020169293
63,12791.88965,12821.54004,12755.45996,12772.03027,2972660000.0,22956.483469066254,22889.4707,22889.965661132268
64,12711.87988,12727.29004,12668.75,12704.629879999999,3290680000.0,22796.409097569787,22730.11914,22737.562547763253
65,12710.62988,12764.549810000002,12706.74023,12743.79981,3202670000.0,22887.319601492247,22820.61914,22825.903702516902
66,12741.540039999998,12787.12012,12714.11035,12747.83008,3475399999.9999995,22974.292404834203,22907.199220000002,22917.647028772677
67,12735.110349999999,12740.26953,12700.53027,12717.41992,3368689999.9999995,23004.811071046333,22937.580080000003,22945.94242654944
68,12771.57031,12814.700199999997,12771.57031,12804.00977,3019890000.0,23093.581049483837,23025.94922,23026.619318266246
69,12832.169919999998,12853.33008,12760.089839999999,12766.650389999999,3366310000.0,22935.70801807904,22868.78906,22877.183554153475
70,12701.58008,12743.41992,12670.07031,12743.40039,3326290000.0,22687.085369230324,22621.28906,22629.468238012163
71,12715.299810000002,12723.089839999999,12625.690429999999,12696.690430000002,3256030000.0,22444.92353401087,22380.220700000005,22387.891834025977
72,12646.580080000002,12652.29004,12606.86035,12634.94043,2995260000.0,22496.88669224692,22431.94922,22435.002671094204
73,12516.549810000002,12543.690430000002,12391.150390000003,12442.69043,3736890000.0000005,22115.1846068004,22051.9707,22069.69919463197
74,12514.330080000002,12647.91992,12514.330079999998,12625.870119999998,3561050000.0,22227.1197368537,22163.400390000003,22177.033607359102
75,12606.240229999998,12606.24023,12499.69043,12527.13965,4235370000.0,22189.8008343585,22126.250000000004,22152.464066654084
76,12596.67969,12635.110349999999,12595.91016,12620.83008,3684130000.0,22429.724041111644,22365.089840000004,22380.865217669198
77,12620.83008,12705.049810000002,12620.83008,12673.91016,3376510000.0,22617.652707925496,22552.16992,22561.756828789985
78,12673.91016,12677.9502,12623.419920000002,12658.700200000001,3517790000.0,22585.648825258624,22520.310550000002,22532.700144780814
79,12696.530269999997,12778.51953,12681.61035,12778.23047,3651640000.0,22815.095033407844,22748.7207,22762.735004937003
80,12797.92969,12826.88965,12750.45996,12788.5,3711330000.0,22865.984985611074,22799.38086,22814.54275578583
81,12778.21973,12833.570309999997,12759.450199999997,12832.070309999997,3123210000.0,22753.043360757718,22686.94922,22690.726773968778
82,12845.08008,12888.980470000002,12842.79981,12856.959959999998,3232329999.9999995,23044.63149911262,22977.220700000005,22982.15075567619
83,12861.66016,12877.230469999999,12822.92969,12844.709960000002,3401010000.0,22963.21307642634,22896.169920000004,22904.77045561906
84,12856.15039,12859.00977,12784.30957,12785.4502,3779229999.9999995,22909.762742890423,22842.96094,22859.496152126092
85,12812.129880000002,12823.809569999998,12761.50977,12771.9502,3526890000.0,22950.22473793505,22883.24023,22894.711197208733
86,12727.38965,12746.57031,12659.96973,12734.639650000001,5428790000.0,22873.207046632346,22806.57031,22856.430169069663
87,12660.669920000002,12711.679689999999,12639.25,12708.62988,3287150000.0,22631.46507730598,22565.919920000004,22573.635950274132
88,12708.62988,12708.62988,12569.9502,12638.98047,3661470000.0000005,22403.0430236989,22338.5293,22353.942357844287
89,12676.37012,12684.660160000001,12634.4502,12648.74023,3327600000.0,22588.631041374858,22523.2793,22532.175023985466
90,12620.40039,12622.540039999998,12539.830079999998,12560.23047,3300060000.0,22521.497823143058,22456.44922,22465.383270759372
91,12653.33984,12677.7002,12634.730469999999,12639.57031,5450550000.0,22609.004286211075,22543.56055,22593.22378946563
92,12584.950199999997,12584.950199999997,12424.03027,12481.599609999997,3655080000.0,22224.035500065875,22160.330080000003,22176.451529017173
93,12501.339839999999,12544.78027,12466.12012,12510.54981,3555090000.0,22385.314531170225,22320.88086,22334.826849526915
94,12528.44043,12594.45996,12412.00977,12412.07031,3776090000.0,22259.05299059758,22195.189450000005,22213.82262561933
95,12412.19043,12503.7002,12377.04004,12475.980469999999,3428140000.0,22378.875294973284,22314.470700000005,22326.216535533375
96,12537.190430000002,12607.389649999997,12504.250000000002,12504.249999999998,3565619999.9999995,22297.839459850802,22233.80078,22248.140242041143
97,12430.7002,12486.540039999998,12400.54004,12485.58008,3073650000.0000005,21951.53550370003,21889.06055,21895.329917199415
98,12542.33008,12576.820309999997,12484.599609999997,12494.700199999997,1911470000.0000002,21759.045219024058,21697.439450000005,21686.27071547956
99,12553.78027,12587.919920000002,12512.5,12585.20996,2953420000.0000005,21709.040132407456,21647.66016,21652.060068108654
100,12578.86035,12684.349610000001,12561.95996,12664.87988,2554780000.0,21900.775046226754,21838.529300000002,21835.825951519317
101,12712.33008,12779.769530000001,12712.33008,12776.919919999998,3050040000.0,22279.294781858734,22215.339840000004,22219.318334260577
102,12795.45996,12820.080079999998,12782.76953,12814.63965,3063849999.9999995,22065.128509848015,22002.140630000005,22006.70136969183
103,12737.969729999999,12756.04004,12665.59961,12681.58984,2964739999.9999995,22100.014546804654,22036.869140000003,22040.373004182857
104,12746.71973,12771.980470000002,12709.28027,12761.45996,2821689999.9999995,22462.400892550806,22397.61914,22397.135627074218
105,12744.799810000002,12783.24023,12727.75977,12769.5,2614000000.0,22671.456206167088,22605.730470000002,22600.593540310372
106,12731.480470000002,12797.58008,12725.99023,12779.21973,3050730000.0,22984.659527295375,22917.51953,22919.32936020962
107,12786.25977,12825.690430000002,12770.32031,12823.23047,3089780000.0000005,22938.550935194406,22871.61914,22874.184253102805
108,12786.370119999998,12815.0,12751.79981,12786.48047,3266700000.0,22800.870653605434,22734.56055,22741.195327868627
109,12778.21973,12807.98047,12770.19043,12789.910160000001,3230210000.0,22545.487005648047,22480.33008,22486.892385241776
110,12788.5,12803.16992,12765.580079999998,12794.04981,2907430000.0,22620.54663537666,22555.050780000005,22555.435930327483
111,12836.62988,12883.049809999999,12814.04004,12847.49023,3417529999.9999995,22659.953094175908,22594.2793,22603.85262334181
112,12836.36035,12940.26953,12820.57031,12933.62988,3553010000.0,22777.795749499837,22711.58984,22723.068935969997
113,12929.79004,12985.570310000001,12929.79004,12953.38965,3653330000.0,22712.391046331068,22646.480470000002,22659.961363562048
114,12967.37988,12978.82031,12886.589839999999,12921.33984,3415710000.0,22679.060854752166,22613.300780000005,22622.537477038662
115,12936.78027,12961.90039,12895.62012,12903.42969,3245770000.0,22537.238821194158,22472.11914,22478.56824818962
116,12903.42969,12989.45996,12903.429689999999,12963.280270000001,3892100000.0,22708.070758186765,22642.179690000004,22660.161409579323
117,12949.84961,12961.690430000002,12879.46973,12902.38965,3496990000.0,22742.77825896813,22676.73047,22687.478804604965
118,12818.58984,12904.75,12803.900389999999,12898.07031,3467380000.0000005,22651.173208841064,22585.53906,22595.774376185884
119,12893.91992,12955.769529999998,12893.29981,12953.339839999999,3030390000.0,22601.460452232714,22536.05078,22538.048597326007
120,12939.76953,12985.48047,12918.80957,12964.269529999998,2874540000.0,22579.621609528956,22514.310550000002,22513.531846542213
121,13011.299809999999,13039.55957,12997.280270000001,12999.589839999999,3162770000.0000005,22732.562208669224,22666.56055,22670.517958598655
122,12995.91992,13007.650390000003,12966.82031,12987.91016,2972200000.0,22657.200424570732,22591.539060000003,22592.202721252455
123,12983.25,13001.669920000002,12949.91016,12956.66016,3047050000.0,22672.641247187777,22606.910160000003,22609.08160396002
124,12868.099610000001,12878.030270000001,12818.00977,12843.490229999998,3256040000.0,22181.081773675724,22117.57031,22125.11055220865
125,12836.650389999999,12853.16992,12746.009769999999,12763.660159999998,3158450000.0,22116.289204581815,22053.07031,22059.485734083326
126,12791.950200000001,12849.49023,12791.950200000001,12835.309569999998,2976970000.0000005,22432.767081879952,22368.119140000003,22370.18220466334
127,12752.5,12752.499999999998,12648.320310000001,12723.089840000002,3645069999.9999995,22043.711481837094,21980.820310000003,21995.669665364192
128,12784.75977,12875.41016,12784.75977,12841.280270000001,3219880000.0,22377.58823328101,22313.18945,22319.6983694705
129,12839.719729999999,12928.17969,12834.110349999999,12908.25977,3024100000.0,22331.259898939898,22267.07031,22269.921641380395
130,12930.15039,12973.559570000001,12929.42969,12965.099609999997,2748020000.0,22174.018630242525,22110.539060000003,22108.884597474138
131,12998.040039999998,13032.25,12993.950199999997,12996.759769999999,3147140000.0,22334.24211505614,22270.03906,22274.713021335818
132,13007.57031,13013.05957,12983.01953,12990.50977,2689560000.0,22485.55622985032,22420.66992,22416.845716609605
133,12978.58984,12988.209959999998,12922.839839999999,12933.45996,2713910000.0,22549.183386556102,22484.009770000004,22480.65483928647
134,12968.820310000001,13011.69043,12964.299810000002,12999.440430000002,2596190000.0,22759.814164137315,22693.68945,22686.8828341785
135,13043.429690000003,13110.7002,13043.42969,13102.03027,2854080000.0000005,23035.108026127848,22967.740230000003,22964.1243867862
136,13125.339840000002,13130.490229999998,13075.13965,13084.799810000002,2683190000.0,22887.560931210068,22820.85938,22814.805316183505
137,13098.84961,13148.41992,13074.820309999997,13132.160160000001,2791860000.0000005,23087.785349155707,23020.17969,23014.988865095238
138,13094.78027,13094.78027,13019.44043,13039.929689999999,2802180000.0,22799.554159009687,22733.25,22730.04970844782
139,13007.37012,13037.08984,12965.480470000002,13016.88965,2880260000.0,22806.385787041352,22740.05078,22738.31272032803
140,12976.04981,12984.2002,12928.290040000002,12969.86035,3077060000.0,22729.78992047685,22663.800780000005,22666.25308864703
141,12944.04981,12977.09961,12908.009770000002,12968.549810000002,3241250000.0,22524.030740462735,22458.9707,22464.994292392446
142,12960.20996,12993.160160000001,12900.82031,12938.910159999998,3139589999.9999995,22416.41393970863,22351.83984,22356.48044168846
143,12898.389649999997,12939.91992,12875.62988,12911.12012,2946270000.0000005,22317.77910678742,22253.65039,22255.215480693787
144,12952.08984,12994.83984,12928.12012,12928.66992,2731400000.0,22534.88836778534,22469.7793,22466.80998784091
145,12896.76953,12968.900389999999,12873.37988,12952.29981,2899660000.0,22768.876575209488,22702.710940000004,22701.71958045972
146,12952.30957,13017.46973,12952.30957,12990.099610000001,3264930000.0,22723.911818064338,22657.949220000002,22663.853925648185
147,13022.62988,13055.33984,13000.71973,13034.610350000003,3254930000.0,23103.455718283814,23035.7793,23040.205776939496
148,13042.37988,13064.879880000002,13014.490229999998,13050.51953,3149800000.0000005,23109.894944435404,23042.18945,23044.40674330227
149,13044.92969,13112.379879999999,13038.66016,13091.980470000002,3074610000.0000005,23825.899533799624,23754.96094,23752.10564883186
150,13105.12988,13155.169920000002,13103.59961,13121.96973,3280020000.0000005,23823.7178022498,23752.789060000003,23754.49508737153
151,13183.66016,13238.74023,13173.70996,13225.11035,3337730000.0,23919.994336336385,23848.630860000005,23850.713054055377
152,13243.419919999998,13261.76953,13228.74023,13236.440429999999,5607610000.0,23953.36376508969,23881.84961,23936.821750824576
153,13203.900389999999,13215.25977,13154.559569999998,13160.599609999997,3285479999.9999995,23917.953872677903,23846.59961,23847.86934435148
154,13164.82031,13203.98047,13093.08984,13101.95996,3388619999.9999995,24018.23677742287,23946.42969,23949.89975920392
155,13111.99023,13164.67969,13097.08984,13105.71973,3060850000.0,24152.422770647205,24080.00977,24074.932687626067
156,13071.40039,13121.349610000001,13065.92969,13082.51953,3432300000.0,24246.20561454315,24173.36914,24176.70609891465
157,13146.29981,13169.79981,13099.94043,13125.34961,3364190000.0000005,24449.9262897439,24376.16992,24376.546513338417
158,13108.74023,13129.01953,13069.15039,13106.00977,3401880000.0,24292.23376340485,24219.18945,24221.438611110832
159,13146.67969,13175.610349999999,13101.139649999997,13118.549809999999,3598710000.0,24315.20860568397,24242.06055,24248.994949990443
160,13089.23047,13099.37012,12975.870120000001,13042.29981,3496860000.0,23852.819922085066,23781.75977,23788.658501655027
161,13043.46973,13069.12988,12935.650390000003,12991.950200000001,3328980000.0,23620.48173528444,23550.470700000005,23554.80053983536
162,12970.17969,13008.51953,12926.160160000001,12960.450200000001,3520500000.0,23608.878561466783,23538.91992,23547.58915875429
163,12952.12012,12952.70996,12620.28027,12622.129879999999,4501250000.0,23111.07998545609,23043.36914,23075.65004141693
164,12574.58984,12625.919919999998,12299.049809999999,12349.530270000001,4890630000.0,22387.874922548268,22323.42969,22363.175037224904
165,12485.24023,12501.55957,12304.839839999999,12439.41992,3966039999.9999995,22566.58226070188,22501.33008,22523.15628270666
166,12437.74023,12519.12012,12408.7002,12425.67969,3300139999.9999995,22362.53000827312,22298.19922,22307.979006958485
167,12425.67969,12653.889650000001,12425.679689999999,12645.9502,3428340000.0000005,22873.22666521955,22806.589840000004,22816.564054085382
168,12612.17969,12646.45996,12507.92969,12613.04981,3321710000.0,22938.209553695477,22871.2793,22879.297929419394
169,12570.660160000001,12601.790040000002,12397.250000000002,12445.480469999999,3616440000.0,22406.52946663773,22342.000000000004,22357.507066735452
170,12469.700199999997,12558.610349999999,12434.919920000002,12457.26953,3566489999.9999995,22438.886514010283,22374.21094,22388.596162711798
171,12474.150390000003,12489.79981,12354.04004,12374.75977,3307140000.0,22468.95196373562,22404.14063,22414.110365165063
172,12234.99023,12343.45996,12108.44043,12287.440430000002,4348580000.0,22231.498890804964,22167.75977,22197.00903570907
173,12274.379880000002,12290.24023,11957.12988,11969.74023,4709310000.0,21738.342365850305,21676.830080000003,21712.972691160394
174,12023.5,12187.84961,11993.200199999997,12118.849610000001,4634770000.0,21501.28168475437,21440.83984,21473.869078221076
175,12006.759770000002,12082.50977,11847.79004,11976.950200000001,4803150000.0,21383.51947266971,21323.60938,21359.638634731775
176,12084.490230000001,12178.87988,11820.33008,11942.509770000002,4673700000.0,21108.186363459423,21049.519530000005,21082.74577344585
177,11961.599610000001,12139.2002,11952.70996,12129.94043,5106380000.0,21630.586266095328,21569.560550000002,21610.788074169635
178,12198.65039,12306.04004,12198.650389999999,12208.059570000001,5112420000.0,21968.96381074929,21906.41016,21949.03254837854
179,12208.059570000001,12363.32031,12208.05957,12356.500000000002,4708420000.0,21823.476788031836,21761.580080000003,21795.794520729094
180,12410.73047,12449.940430000002,12230.320309999997,12321.799810000002,4237929999.9999995,22065.46007703066,22002.4707,22029.491334368176
181,12381.69043,12450.12988,12368.19043,12424.30957,3623320000.0,22253.57905318118,22189.740230000003,22205.347064845762
182,12582.57031,12682.059569999998,12536.120119999998,12679.09961,3914750000.0,22511.011020268215,22446.00977,22465.71529157971
183,12644.58008,12675.57031,12580.29981,12622.04004,3630490000.0,22536.426563466353,22471.310550000002,22486.061638586703
184,12566.330080000002,12569.25,12474.879880000002,12537.53027,4019090000.0000005,22185.229412225453,22121.69922,22143.930159125473
185,12517.730469999999,12523.00977,12330.79981,12343.509770000002,3670930000.0,21947.697854900638,21885.24023,21902.385706933714
186,12365.259770000002,12446.240229999998,12301.26953,12328.29981,4091440000.0000005,21913.433766335143,21851.130860000005,21875.321147846567
187,12398.92969,12435.65039,12202.419919999998,12275.49023,4402370000.0,21866.993597006163,21804.90039,21834.642345917106
188,12329.42969,12433.71973,12308.61035,12400.28027,3975180000.0,21740.551561413136,21679.029300000002,21700.594843841514
189,12388.110349999999,12407.82031,12234.24023,12280.91016,3772900000.0,21643.7747181942,21582.68945,21601.566508456646
190,12150.200200000001,12161.32031,12016.080079999998,12048.660160000001,4357900000.0,21346.553724834826,21286.810550000002,21315.388177868885
191,12108.719730000003,12202.62988,12108.71973,12123.33984,3233550000.0,21709.069555265578,21647.689450000005,21658.401804697958
192,12111.2002,12199.58008,12111.200199999997,12181.59961,3443950000.0,22030.81340090136,21967.98047,21981.541415394157
193,12137.87988,12190.41016,12111.70996,12188.070310000001,3485220000.0,22099.865433487503,22036.7207,22050.908761092665
194,12225.73047,12418.48047,12174.4502,12417.629879999999,3951670000.0,22425.59603119447,22360.98047,22382.405849843904
195,12384.98047,12453.62012,12336.41992,12389.37012,3560770000.0,22339.196124752983,22274.9707,22289.581719411464
196,12373.0,12464.41016,12358.86035,12457.549809999999,4658580000.0,22695.223687586822,22629.39063,22664.52491333113
197,12609.7002,12624.75,12500.36035,12577.540039999998,4186060000.0000005,22599.370937083557,22533.9707,22559.397952836287
198,12555.01953,12566.16992,12212.519529999998,12221.980470000002,4463840000.0,21705.112236097873,21643.750000000004,21674.636094683196
199,12156.83008,12228.91016,11897.76953,11941.92969,4216690000.0,21379.362019803702,21319.470700000005,21346.57312922851
200,11922.71973,11939.04004,11696.58008,11889.29004,4151030000.0,21332.719767976672,21273.039060000003,21298.885770652163
201,11982.78027,12044.0,11805.71973,11860.650390000003,3905870000.0000005,21408.422933574093,21348.40039,21370.84815774143
202,12008.589840000002,12074.91016,11941.820309999997,11943.29004,3955890000.0,21816.998314660486,21755.13086,21778.47803735874
203,11985.780270000001,12011.40039,11892.78027,11936.16016,3927720000.0,21700.301453137487,21638.96094,21661.687282690007
204,11845.36035,11882.36035,11730.839839999999,11755.379880000002,4035020000.0,21451.949556864703,21391.73047,21416.604516567695
205,11712.80957,11752.74023,11480.08008,11532.120120000001,4616350000.0,21335.20168500591,21275.509770000004,21310.298118096
206,11601.00977,11648.04981,11449.75,11502.16016,4470880000.0,21166.09825303098,21107.16992,21139.10734960459
207,11540.17969,11677.5,11313.03027,11371.83984,5127940000.0,20837.373676091738,20779.92969,20821.09669651797
208,11342.940430000002,11394.71973,11127.30957,11222.790040000002,5585780000.0,20365.81467416838,20310.500000000004,20355.884126511475
209,11198.889650000001,11364.13965,11013.419919999998,11036.839840000002,7609010000.0,19353.332679094718,19302.58984,19366.799659557997
210,10801.469730000003,11204.45996,10724.190429999999,11204.089840000002,4233989999.9999995,19758.76299874122,19706.189450000005,19730.397188039584
211,11081.87012,11285.32031,10934.11035,11285.309570000001,4096610000.0,20011.596069636846,19957.880860000005,19981.24516924308
212,11343.86035,11416.51953,11252.23047,11290.9502,3702619999.9999995,19707.472809277457,19655.13086,19673.31183427668
213,11323.73047,11559.01953,11323.73047,11533.33984,4213410000.0,19998.26439080152,19944.60938,19968.4686190981
214,11536.04981,11678.96973,11504.76953,11605.959960000002,4104710000.0,20279.595272792634,20224.66992,20248.024592988993
215,11702.5,11727.75,11621.15039,11716.23047,4081030000.0,20421.86856399232,20366.300780000005,20389.35293656832
216,11758.03027,11811.67969,11712.37012,11778.41992,4052480000.0,20326.01582353441,20270.88086,20293.03633608429
217,11731.54981,11843.59961,11701.80957,11839.30957,3704499999.9999995,20351.70016046337,20296.449220000002,20313.942534097965
218,11806.75,11851.54981,11762.49023,11848.00977,3434490000.0,20319.927783152674,20264.820310000003,20278.934481074866
219,11798.03027,11877.41992,11798.03027,11868.67969,3572330000.0,20632.238403313877,20575.7207,20591.942594521166
220,11884.969730000003,11944.2002,11882.91016,11907.61035,3863769999.9999995,20600.605335049408,20544.23047,20564.155647038308
221,11873.820310000001,12033.58008,11862.429689999999,11994.540040000002,3772270000.0,20528.861457510167,20472.810550000002,20490.949918383336
222,12070.90039,12164.7002,12060.36035,12151.769530000001,3986730000.0,20827.459770117355,20770.06055,20791.12869176343
223,12075.40039,12075.40039,11940.910159999998,11999.37012,3908029999.9999995,20562.44277303245,20506.240230000003,20526.380290776237
224,12006.190430000002,12048.12988,11969.04004,12029.4502,3433250000.0,20655.262297083682,20598.64063,20612.479263086265
225,12106.389650000001,12164.48047,12105.95996,12127.25,3814080000.0,20803.580453709757,20746.28906,20765.078254847194
226,12040.660160000001,12066.58008,11984.86035,12065.110350000003,3612810000.0000005,20611.865158477663,20555.43945,20571.40314753916
227,12080.41992,12115.53027,12056.419919999998,12090.780270000001,3504200000.0,20758.707912965274,20701.619140000003,20716.28091871666
228,12130.009770000002,12266.54981,12104.219729999999,12222.38965,3867810000.0,20890.594463116588,20832.910160000003,20852.17606803514
229,12222.99023,12315.13965,12196.190429999999,12299.030270000001,4917650000.0,20854.55084915226,20797.0293,20830.826712524864
230,12312.25977,12350.54981,12287.209959999998,12329.69043,3759270000.0,20889.58011284536,20831.90039,20849.211497195804
231,12315.49023,12382.04981,12268.570309999997,12381.83008,3359840000.0000005,21018.733611978696,20960.4707,20972.107823016777
232,12409.04004,12431.950200000001,12378.400390000003,12428.259769999999,3560430000.0,20986.988708726367,20928.86914,20943.10809655419
233,12405.42969,12423.40039,12382.16992,12398.66992,3472690000.0,20869.81115665821,20812.220700000005,20825.294884463834
234,12345.549810000002,12347.61035,12215.30957,12295.219730000003,4099490000.0,20566.72186515724,20510.5,20531.84960445687
235,12252.87012,12292.42969,12186.66016,12292.13965,3622330000.0,20498.46443055682,20442.55078,20457.457491782785
236,12366.33984,12456.29004,12366.33984,12438.44043,3827770000.0,21088.507664827812,21029.92969,21048.04473549093
237,12462.919920000002,12510.879880000002,12452.44043,12474.889650000001,3670770000.0000005,21207.003670336846,21147.890630000005,21163.78524856897
238,12422.240230000001,12492.4502,12383.33008,12440.21973,3836700000.0,21110.18563109839,21051.509770000004,21069.848362165438
239,12503.48047,12603.83984,12503.480470000002,12603.46973,3641370000.0,21316.18613078496,21256.580080000003,21271.490579953133
240,12567.679690000003,12656.86035,12560.349610000001,12628.36035,3533710000.0,21406.050892687603,21346.03906,21359.33856570586
241,12627.61035,12695.549810000002,12624.05957,12673.66016,3835449999.9999995,21482.668346729777,21422.31055,21440.089085470692
242,12644.049809999999,12648.29004,12580.03027,12621.76953,3559709999.9999995,21436.508744293023,21376.359380000005,21390.1512092
243,12654.389650000001,12700.05957,12644.150390000003,12694.51953,3427810000.0,21628.67725601191,21567.66016,21579.073834389306
244,12746.41016,12769.63965,12697.29004,12700.19043,3804380000.0000005,21616.98382463871,21556.019530000005,21573.44337252809
245,12685.320310000001,12729.25,12674.34961,12686.55957,3645680000.0,21565.340480514627,21504.60938,21519.50318670345
246,12680.919920000002,12706.129879999999,12637.849610000001,12689.87012,3767130000.0000005,21597.42676526589,21536.55078,21553.333190958154
247,12671.23047,12679.19043,12642.429689999999,12644.80957,4396930000.0,21550.684451612386,21490.019530000005,21516.991497819887
248,12698.23047,12740.40039,12645.57031,12700.66992,3972280000.0,21874.939637135525,21812.81055,21833.19479070877
249,12728.95996,12737.500000000002,12537.79981,12637.26953,3919810000.0,21774.47622732482,21712.80078,21732.609152647758
250,12638.19043,12649.76953,12600.889650000001,12624.46973,3585689999.9999995,21720.46084231425,21659.0293,21673.310789818748
251,12622.49023,12623.78027,12529.23047,12538.0,3786600000.0,21517.39546609835,21456.88086,21474.69982487615
252,12513.519530000001,12514.200200000001,12408.37988,12443.429690000003,3904860000.0,21399.15059457806,21339.169920000004,21359.06767005747
253,12364.69043,12418.29004,12336.490229999998,12415.12988,3423130000.0,21121.476846275233,21062.750000000004,21075.20237154445
254,12429.88965,12563.98047,12429.88965,12561.25977,3749030000.0000005,21421.691838957595,21361.60938,21378.429068271078
255,12576.75977,12611.46973,12571.040039999998,12582.80957,3414229999.9999995,21486.143016507212,21425.76953,21437.51904983209
256,12621.69043,12704.84961,12621.690429999999,12674.25977,3766150000.0,21535.17496896282,21474.58008,21491.343931355106
257,12668.78027,12685.38965,12637.440429999999,12660.16016,3469730000.0,21436.881517540543,21376.730470000002,21388.97593884851
258,12679.08008,12749.570310000001,12677.75977,12715.769530000001,5962730000.0,21637.415935281886,21576.35938,21629.32567177044
259,12732.26953,12786.79004,12726.46973,12781.41016,3552190000.0000005,21619.404917015876,21558.42969,21571.38734401721
260,12826.120120000001,12854.820309999997,12728.96973,12760.790040000002,3620220000.0,21609.581258551687,21548.65039,21562.918729285906
261,12749.61035,12789.37988,12658.25977,12700.25,3771200000.0,21774.93729928278,21713.259770000004,21730.308623449095
262,12709.26953,12716.870119999998,12533.29004,12539.41016,4237199999.9999995,21327.065335539883,21267.41016,21291.973069388554
263,12526.49023,12590.16992,12486.05957,12535.67969,3376580000.0,21233.572852761714,21174.33984,21185.722239254992
264,12598.4502,12672.73047,12578.87012,12641.360349999999,3266049999.9999995,21413.65555131804,21353.60938,21362.857430718064
265,12635.25,12662.499999999998,12520.200200000001,12591.71973,3372930000.0,21250.630345408565,21191.32031,21202.456644283415
266,12601.20996,12641.07031,12555.83008,12632.58008,3158170000.0,21287.98849512353,21228.50977,21236.24913990988
267,12691.76953,12704.58984,12644.48047,12696.879880000002,3740700000.0,21561.60486243218,21500.89063,21517.188765420255
268,12775.83984,12843.950200000001,12773.530270000001,12836.03027,3500760000.0,21806.460501449856,21744.640630000005,21756.5354898389
269,12840.44043,12841.820310000001,12784.70996,12819.04981,3246899999.9999995,21624.639493604936,21563.640630000005,21571.738813755892
270,12819.05957,12882.57031,12803.87012,12833.59961,3550240000.0,21786.418823796288,21724.68945,21737.460268566672
271,12833.320310000001,12872.49023,12818.83008,12868.74023,3015180000.0,21804.95369751744,21743.140630000005,21747.133327026982
272,12889.370120000001,12927.90039,12880.19043,12927.71973,3146820000.0,21963.077852865616,21900.550780000005,21906.14212659143
273,12927.73047,12943.34961,12888.87012,12943.339840000002,3054030000.0,21812.134552473835,21750.28906,21754.56003541831
274,12892.04981,12892.04981,12834.4502,12849.70996,3007980000.0,21640.751306058446,21579.679690000004,21583.98746468862
275,12867.33984,12898.269529999998,12852.87988,12887.36035,3062380000.0000005,21724.09835741534,21662.65039,21667.439994895114
276,12892.620119999998,12910.40039,12856.24023,12887.120120000001,2938540000.0,21844.34052768413,21782.34961,21785.02537679913
277,12955.66016,12994.98047,12938.04981,12969.54004,3688490000.0,22186.50665960145,22122.970700000005,22137.380041268178
278,12979.26953,12983.25,12936.5,12956.67969,3088330000.0,22171.619125343026,22108.150390000003,22112.33122364677
279,12986.299809999999,13002.83984,12934.25,12952.240230000001,3402210000.0,22300.460675880913,22236.41016,22245.856383343922
280,12984.330079999998,12995.59961,12891.44043,12907.11035,3602300000.0,22338.35247527658,22274.130860000005,22287.357596677735
281,12912.179689999999,12938.750000000002,12869.84961,12922.709960000002,3506850000.0,22252.452877967447,22188.61914,22200.031953303445
282,12900.410159999998,12920.82031,12886.799810000002,12914.28027,2997950000.0,22305.814922838283,22241.74023,22244.20044686759
283,12916.66992,13010.99023,12910.780269999997,12993.84961,3635030000.0000005,22421.42681521243,22356.830080000003,22370.02383489966
284,12993.860349999999,12993.860350000003,12938.549809999999,12951.62988,3448960000.0000005,22247.13001271331,22183.32031,22193.648540460545
285,12907.08008,12939.860349999999,12850.120119999998,12912.95996,3425280000.0,22231.218323912748,22167.48047,22177.54622527837
286,12923.66016,12991.29981,12910.87988,12991.2002,3248499999.9999995,22248.214991907527,22184.40039,22190.947919227332
287,12883.059570000001,12883.059569999998,12703.190429999999,12778.5,3767100000.0,21689.330031981895,21628.03906,21644.6430841765
288,12766.96973,12834.76953,12748.37012,12766.690430000002,3485790000.0,21553.588193379823,21492.91016,21504.974844698863
289,12673.620120000001,12750.440429999999,12591.790040000002,12731.349610000001,3638820000.0,21492.211438301747,21431.81055,21446.28912279776
290,12702.070309999997,12820.2002,12569.839840000002,12788.13965,3529600000.0000005,21240.00227464238,21180.74023,21193.123941894162
291,12617.219729999999,12617.21973,12480.269529999998,12526.70996,3894030000.0,20928.625561513127,20870.76953,20889.266544529735
292,12560.990229999998,12686.53027,12559.62012,12620.0,3322720000.0,21171.803705848917,21112.84961,21123.046710676015
293,12559.66016,12682.37988,12526.040040000002,12652.290040000002,3125950000.0,21212.336339861897,21153.19922,21160.399747568285
294,12676.04981,12800.90039,12676.04981,12738.36035,3338060000.0,21306.421338127737,21246.85938,21256.759413514366
295,12652.38965,12751.08984,12643.07031,12657.62988,3257950000.0,21365.800784411953,21305.9707,21315.122839054304
296,12615.66992,12668.530269999997,12582.50977,12616.799809999999,3288869999.9999995,21270.66024990074,21211.25977,21221.022026053284
297,12668.33008,12732.860349999999,12668.330079999998,12720.71973,3218700000.0,21433.656012861375,21373.519530000005,21381.679816051794
298,12682.51953,12703.79981,12651.9502,12671.990230000001,3192509999.9999995,21239.500006664908,21180.24023,21188.36312452471
299,12569.339840000002,12569.33984,12461.349610000001,12525.0,3891980000.0,21039.144135144197,20980.78906,20999.43355329314
300,12595.54004,12617.45996,12539.299809999999,12581.360349999999,2887390000.0000005,21246.461129426527,21187.169920000004,21191.36103636693
301,12597.70996,12628.62988,12464.530270000001,12465.90039,4121410000.0000005,21114.113517362617,21055.419920000004,21077.99190211867
302,12398.24023,12405.110349999999,12309.129879999999,12386.20996,3700050000.0000005,20939.40470444158,20881.500000000004,20897.840739103485
303,12402.540039999998,12449.28027,12354.79004,12393.66016,3273790000.0000005,20842.678881603788,20785.21094,20795.646397653556
304,12280.780270000001,12318.45996,12238.40039,12264.49023,3981019999.9999995,20383.262599804842,20327.869140000003,20347.239082306605
305,12288.50977,12372.82031,12273.08984,12341.820310000001,3966700000.0,20491.742678667906,20435.85938,20454.947192107673
306,12341.820310000001,12564.37012,12341.82031,12560.580079999998,3810430000.0000005,20724.82641196358,20667.890630000005,20684.373578961324
307,12607.34961,12618.219729999999,12530.15039,12614.7002,3548830000.0,20803.12919606808,20745.83984,20758.85043335106
308,12631.08984,12710.66992,12606.12012,12675.660160000001,3396409999.9999995,20917.58548032502,20859.779300000002,20870.591415292056
309,12725.37988,12814.80957,12725.37988,12765.860350000003,3220250000.0,21154.275336973187,21095.400390000003,21103.482488028225
310,12821.49023,12859.629880000002,12798.29004,12802.03027,3209210000.0,21158.432779793835,21099.539060000003,21107.344487528393
311,12867.169919999998,12900.76953,12787.49023,12813.91016,3548420000.0,21189.42429112532,21130.390630000005,21143.0096361499
312,12797.86035,12818.599610000001,12772.330079999998,12784.83008,3034130000.0,21099.537941745002,21040.910160000003,21046.365182470894
313,12816.42969,12841.71973,12788.54004,12827.50977,3069810000.0,21108.076497362028,21049.410160000003,21055.118584935124
314,12808.88965,12813.0,12767.84961,12787.240230000001,2922330000.0,21153.83389364779,21094.960940000004,21098.835585751945
315,12789.67969,12808.12012,12769.530269999997,12775.519529999998,2810140000.0000005,21170.718726654704,21111.76953,21114.140495281925
316,12837.469729999999,12950.79981,12837.46973,12907.45996,3437620000.0,21282.624423804522,21223.169920000004,21233.688828730454
317,12924.26953,12972.48047,12908.410160000001,12954.08008,3287890000.0,21478.07729596418,21417.740230000003,21425.85803407511
318,12954.08008,13094.79981,12954.080080000002,13081.540039999998,3905940000.0,21548.32418388729,21487.669920000004,21504.580309498127
319,13068.360349999999,13095.57031,13037.879879999999,13047.24023,5000120000.0,21283.016825684597,21223.56055,21256.883053066707
320,13047.24023,13061.249999999998,13015.91016,13019.98047,3136250000.0,21297.592401302212,21238.07031,21243.770314476034
321,13019.98047,13022.730469999999,12934.90039,12936.65039,3578050000.0,21126.428897126963,21067.679690000004,21080.06599033944
322,12936.65039,12977.91992,12911.99023,12912.009769999999,3478130000.0,21216.03467961506,21156.88086,21167.99732859937
323,12912.059569999998,12976.23047,12912.05957,12965.320309999997,3122920000.0,21341.943055482025,21282.2207,21287.894353369673
324,12965.54981,13055.86035,12965.54981,13049.70996,5420700000.0,21627.28031817689,21566.26953,21608.14024285765
325,13049.70996,13191.90039,13049.70996,13127.69043,3513270000.0,21761.044486663024,21699.42969,21710.16371166783
326,13127.69043,13152.9502,13105.030269999997,13152.549809999999,3206840000.0,21745.615437207372,21684.070310000003,21689.828478328458
327,13152.549809999999,13239.90039,13152.549809999999,13239.87012,1963720000.0,21765.243135548546,21703.60938,21690.06464376552
328,13231.799810000002,13231.799809999999,13114.83984,13210.91016,2434210000.0,21727.251264281043,21665.78906,21659.56040454801
329,13210.87012,13210.87012,13136.219729999999,13147.219730000003,2904550000.0,21659.30578832143,21598.15039,21599.51603677958
330,13147.20996,13147.209959999998,13091.90039,13136.889650000001,3028210000.0,21560.168687422753,21499.46094,21502.785452176468
331,13137.95996,13221.05957,13137.95996,13173.25977,3154240000.0,21608.11369179368,21547.189450000005,21552.188483192636
332,13173.25977,13211.74023,13150.50977,13198.71973,3154619999.9999995,21781.849370553722,21720.140630000005,21724.835142143103
333,13199.84961,13237.179689999999,13199.23047,13234.75977,2974959999.9999995,21705.745957650408,21644.38086,21646.196219227284
334,13232.95996,13243.04981,13185.910159999998,13195.19043,3290650000.0000005,21535.22597929861,21474.63086,21481.65975922717
335,13195.19043,13201.530269999997,13119.2002,13119.969729999999,3181600000.0000005,21396.770708265765,21336.800780000005,21342.69307001845
336,13109.29004,13181.200200000001,13089.49023,13168.7002,3296580000.0,21205.60673250182,21146.500000000004,21153.655140527524
337,13168.7002,13205.08984,13111.94043,13111.99023,3260360000.0,21454.982783316744,21394.750000000004,21401.813614165436
338,13111.99023,13139.08008,13087.519529999998,13109.76953,3003720000.0,21485.811439279205,21425.43945,21428.626726522532
339,13109.90039,13203.07031,13109.90039,13197.51953,3313659999.9999995,21788.72023575978,21726.980470000002,21734.13450352948
340,13172.54981,13235.59961,13161.740229999998,13234.92969,3428980000.0000005,21777.638948506803,21715.94922,21724.75734646972
341,13234.92969,13234.92969,13146.65039,13169.29004,3645270000.0,21761.81750721643,21700.19922,21712.917122822262
342,13169.29004,13244.04981,13169.29004,13235.500000000002,3257590000.0,21688.83953716582,21627.550780000005,21633.7114028575
343,13235.49023,13249.04004,13212.79981,13222.61035,3203710000.0,21743.355231308742,21681.82031,21687.23065852079
344,13222.759770000002,13222.75977,13128.15039,13187.20996,3634330000.0,21587.210714966983,21526.380860000005,21538.689544651945
345,13187.20996,13196.84961,12979.37012,13066.59961,4623430000.0,21421.662406054114,21361.580080000003,21389.687213576603
346,13053.66016,13154.37988,12890.980470000002,12920.82031,4762300000.0,21270.460126247795,21211.060550000002,21241.57536511982
347,12885.320310000001,12887.250000000002,12767.00977,12839.50977,3874660000.0,20968.014360570287,20909.98047,20926.709879971466
348,12666.29981,12666.299809999999,12408.25977,12497.30957,4513730000.0,20380.902332079746,20325.51953,20350.782953070964
349,12564.88965,12634.95996,12496.13965,12628.13965,4154240000.0,20604.462592390646,20548.070310000003,20568.562216252165
350,12627.559570000001,12663.330080000002,12414.11035,12632.95996,4491750000.0,20585.596151486847,20529.28906,20554.271428893095
351,12685.71973,12835.049809999999,12676.389650000001,12828.820310000001,4106370000.0,20815.495586168217,20758.15039,20777.599190636764
352,12793.24023,12811.450200000001,12689.66992,12748.41992,3350640000.0,20488.54856573733,20432.67969,20442.183144838775
353,12589.76953,12789.08008,12552.309570000001,12724.36035,3853600000.0,20726.935535654575,20669.99023,20686.3643146749
354,12641.29004,12641.29004,12367.389650000001,12368.04981,4312530000.0,20379.627043548862,20324.25,20347.68362901166
355,12386.25,12441.50977,12325.92969,12409.54004,4038000000.0,20379.346476656654,20323.970700000005,20343.329849719023
356,12442.230470000002,12597.69043,12442.23047,12580.41016,3498150000.0,20647.05530864931,20590.470700000005,20602.68256507361
357,12687.83008,12718.480470000002,12668.809569999998,12687.910159999998,3212880000.0,20662.001708714688,20605.34961,20613.54478596994
358,12687.910159999998,12687.91016,12597.80957,12599.41016,3066300000.0,20546.099445177406,20489.970700000005,20496.813767264706
359,12691.759770000002,12712.71973,12677.330080000002,12697.00977,3011190000.0,20763.179273271846,20706.070310000003,20711.686806361606
360,12724.20996,12750.26953,12631.86035,12688.45996,2890879999.9999995,20636.51749543867,20579.980470000002,20584.228319980004
361,12643.94043,12710.65039,12370.07031,12416.4502,3937300000.0,20380.821888840474,20325.43945,20343.87580864117
362,12430.730469999999,12528.98047,12430.730469999999,12519.62012,2857600000.0,20523.24625220242,20467.2207,20471.713548930522
363,12562.040040000002,12601.150390000003,12450.88965,12474.04981,3533630000.0,20530.36826144258,20474.310550000002,20487.524130337504
364,12467.37012,12570.990230000001,12426.05957,12559.23047,3097420000.0,20556.6765056078,20500.500000000004,20507.716275206185
365,12657.21973,12722.280269999997,12635.990230000001,12704.03027,3176190000.0,20698.306260938665,20641.49023,20649.126582084256
366,12740.160160000001,12785.40039,12687.12012,12736.87988,3008450000.0000005,20635.201000842917,20578.66992,20584.10468042766
367,12757.25,12797.000000000002,12746.259770000002,12796.32031,3163260000.0,20857.825395276755,20800.289060000003,20807.375484624747
368,12796.32031,12963.57031,12796.320309999997,12917.759770000002,3890700000.0,21261.187787251758,21201.83008,21218.886812660567
369,12933.509770000002,12960.59961,12915.92969,12933.37988,3208280000.0,21273.976002090098,21214.56055,21221.680510860147
370,12975.01953,12975.019529999998,12925.41016,12960.719729999999,4002890000.0,21423.66166364772,21363.57031,21382.45777278564
371,12954.29004,12993.969730000003,12900.80957,12993.95996,4390770000.0,21527.219124562536,21466.66016,21491.64816800638
372,13008.33008,13082.41016,12981.42969,13082.410159999998,3927549999.9999995,21822.984324325284,21761.089840000004,21778.73920854796
373,13096.230469999999,13150.87012,13061.740230000001,13116.04981,3791860000.0,21970.390171442436,21907.83008,21923.248839485335
374,13150.79981,13171.46973,13110.07031,13124.33984,3520060000.0,22010.330279922393,21947.58984,21958.463884567976
375,13087.87012,13131.839840000002,13074.780270000001,13131.41016,3671840000.0,22077.695013555734,22014.650390000003,22027.953480610377
376,13109.62988,13125.58008,13024.940429999999,13119.30957,3435539999.9999995,22127.73150196629,22064.460940000004,22073.814030070636
377,13121.20996,13177.879880000002,13100.879880000002,13111.250000000002,3251290000.0000005,22194.311431839466,22130.740230000003,22136.975781608267
378,13148.41016,13171.37988,13074.26953,13093.799809999999,6094740000.0,22158.760281581697,22095.349610000005,22152.27374509598
379,13087.740230000001,13128.04981,12961.23047,12992.259770000002,3868160000.0000005,22024.625298693147,21961.82031,21979.333963161866
380,12991.099609999997,13053.07031,12943.44043,13037.61035,3318870000.0,22224.225809402542,22160.519530000005,22168.13850563264
381,13042.2002,13061.86035,12985.03027,13028.74023,3077240000.0,21997.612704052404,21934.92969,21938.93022450616
382,13053.2002,13068.610350000003,12913.41992,12971.980469999999,3243650000.0,21855.87307257879,21793.830080000003,21801.090183353062
383,12988.889650000001,13037.80957,12988.88965,13004.74023,3247610000.0,21893.653036986594,21831.43945,21838.448777079142
384,13002.330079999998,13038.129880000002,12824.15039,12835.349610000001,3558040000.0,21806.438913972182,21744.619140000003,21757.763550111616
385,12742.089839999999,12742.08984,12557.070310000001,12608.429690000003,3912519999.9999995,21482.57808917423,21422.2207,21441.713070152597
386,12587.32031,12687.559569999998,12482.01953,12685.76953,3503640000.0,21376.056081930623,21316.179690000004,21328.705130102197
387,12689.92969,12835.209960000002,12689.92969,12831.549809999999,2990830000.0,21506.194498431698,21445.73047,21449.873280607266
388,12816.24023,12856.4502,12768.759770000002,12777.74023,2940140000.0,21555.165626235234,21494.480470000002,21498.23718370037
389,12734.549810000002,12734.54981,12589.80957,12590.910160000001,3356450000.0000005,21419.91427240388,21359.83984,21370.884277161218
390,12622.48047,12730.349610000001,12622.48047,12691.16016,2726820000.0,21516.781363133017,21456.269530000005,21457.177738654707
391,12688.58008,12802.75977,12682.19043,12766.0,3217250000.0000005,21811.77355238771,21749.92969,21757.58434222114
392,12766.0,13025.250000000002,12765.999999999998,12926.91992,3580460000.0000005,22126.978100000077,22063.71094,22076.436855630465
393,12897.03027,13044.83008,12897.030269999997,13006.040040000002,3340739999.9999995,22544.723789365562,22479.570310000003,22487.1743945578
394,12997.45996,13028.2002,12978.73047,12994.88965,3222569999.9999995,22516.17495788892,22451.15039,22456.774345974285
395,13030.509769999999,13078.12012,13021.40039,13039.23047,3115960000.0,22593.936246886915,22528.560550000002,22531.844392373583
396,13032.46973,13044.08008,12972.83984,13006.63965,3264290000.0,22606.653822756904,22541.2207,22547.372964464543
397,13019.25,13091.940430000002,13019.250000000002,13088.61035,3271620000.0,22685.55894671071,22619.76953,22625.413138536987
398,13076.379879999999,13114.610350000003,13062.740230000001,13114.389650000001,3392870000.0,22791.7081807068,22725.439450000005,22733.032338997047
399,13119.65039,13153.33008,13083.290040000002,13118.90039,3692600000.0,22819.635063792295,22753.240230000003,22766.595615228718
400,13106.20996,13170.690430000002,13088.940430000002,13146.24023,3370370000.0,22921.29331889461,22854.43945,22861.170148312314
401,13183.90039,13223.19043,13183.900390000003,13186.42969,3521230000.0,23018.07996638447,22950.78906,22960.117909606888
402,13170.90039,13239.2002,13156.75,13209.62988,3589930000.0,23020.471625858165,22953.169920000004,22963.72846237701
403,13215.870119999998,13248.650389999999,13152.95996,13244.00977,3776030000.0,22977.205950872565,22910.09961,22924.259661010372
404,13239.42969,13239.42969,13116.58008,13171.80957,4139280000.0000005,22796.78187081731,22730.49023,22752.364563833136
405,13231.17969,13300.34961,13231.179689999999,13300.26953,3930200000.0000005,23186.842006815114,23118.78906,23135.519368920246
406,13368.24023,13385.03027,13323.05957,13339.58984,4486130000.0,23412.582039830726,23343.50977,23371.782050572572
407,13339.839839999999,13364.94043,13319.790040000002,13351.57031,4458190000.0,23351.93906813166,23283.14063,23310.68327358809
408,13376.92969,13436.969730000003,13376.92969,13395.549810000002,4144640000.0000005,23620.04813738484,23550.03906,23570.43885939413
409,13376.33984,13407.80957,13343.01953,13407.799809999999,3499150000.0,23491.55975155264,23422.13086,23428.64929860831
410,13347.29981,13395.65039,13333.91016,13388.12012,3035530000.0000005,23405.40902025477,23336.36914,23333.501022433502
411,13391.96973,13438.759769999999,13366.879880000002,13387.620119999998,3466009999.9999995,23508.75654320036,23439.25,23445.165597909567
412,13387.620119999998,13400.799810000002,13325.51953,13385.04981,3509280000.0,23394.490578325447,23325.5,23332.673054195337
413,13385.04981,13397.040040000002,13346.75977,13392.0,3276070000.0,23228.771578663116,23160.5293,23163.33410057217
414,13432.759769999999,13492.95996,13426.98047,13492.95996,3335649999.9999995,23373.144189282884,23304.250000000004,23307.26998841834
415,13488.480470000002,13498.08008,13464.00977,13483.809569999998,3436690000.0,23435.535294632184,23366.359380000005,23371.394461414104
416,13489.780269999997,13508.87988,13448.26953,13466.34961,3590070000.0,23244.804906722467,23176.490230000003,23185.37944951755
417,13460.33984,13460.33984,13360.660159999998,13419.299810000002,4034890000.0,23139.328631453314,23071.49023,23089.922769066114
418,13420.330079999998,13430.70996,13366.990230000001,13406.419920000002,3720560000.0,23097.981780867416,23030.330080000003,23042.445180966213
419,13412.26953,13451.41992,13404.54004,13440.9502,3226780000.0000005,23361.692087627496,23292.84961,23293.919695182147
420,13471.519529999998,13534.58984,13471.51953,13532.88965,3511530000.0,23520.96204682196,23451.400390000003,23457.465649555063
421,13532.559569999998,13564.62988,13513.110349999999,13559.709959999998,4595590000.0,23522.41784041858,23452.84961,23482.321367201464
422,13577.51953,13611.490229999998,13563.33984,13607.62012,3033090000.0,23567.2099379238,23497.43945,23492.73348455893
423,13595.86035,13607.66992,13537.669919999998,13545.209960000002,1743020000.0,23457.907797062006,23388.63086,23358.30395015868
424,13554.29004,13554.290040000002,13443.09961,13448.25977,3268740000.0,23299.70319847456,23231.14063,23233.4474512101
425,13363.660159999998,13373.87988,13280.04004,13366.08984,3653390000.0,23255.101400260646,23186.74023,23197.365540052604
426,13408.080079999998,13484.41016,13408.080079999998,13457.969730000003,3695030000.0,23361.541015465227,23292.69922,23303.49273063382
427,13466.73047,13491.20996,13429.299810000002,13482.29981,3355750000.0,23416.76106008369,23347.66992,23351.04950361556
428,13515.480469999999,13612.05957,13515.48047,13588.29004,3479479999.9999995,23614.293643121586,23544.31055,23549.118677261373
429,13570.54004,13600.13965,13555.07031,13555.070309999997,3345990000.0,23441.593902110442,23372.39063,23375.174497615524
430,13551.0,13574.21973,13521.24023,13545.30957,3343790000.0,23490.565029913974,23421.140630000005,23423.730111475183
431,13554.08984,13590.740230000001,13547.67969,13579.91992,3252540000.0,23518.831335653285,23449.2793,23449.61245416857
432,13587.7002,13725.34961,13581.080080000002,13697.41016,3990689999.9999995,23881.751341125506,23810.56055,23825.45029833216
433,13711.250000000002,13773.12988,13655.4502,13697.33984,3736870000.0,24027.046085615828,23955.19922,23963.941878249854
434,13781.65039,13825.759769999999,13781.65039,13795.15039,4051790000.0,24163.58253224898,24091.11914,24106.292679250808
435,13795.15039,13813.30957,13787.719729999999,13795.34961,3837540000.0,24095.425159475035,24023.26953,24033.567616720677
436,13805.2002,13819.7002,13790.24023,13799.20996,4014080000.0,23983.10941074841,23911.46094,23926.172078821597
437,13801.73047,13838.99023,13798.780269999997,13831.66992,3720450000.0,23965.015990398017,23893.449219999995,23901.239954710265
438,13831.66992,13914.28027,13831.66992,13889.25,6454270000.0,23992.982110657915,23921.28906,23992.563740013145
439,13906.87012,13908.16016,13888.589840000002,13899.990229999998,3060610000.0,23910.500296255093,23839.17969,23831.894836347008
440,13902.95996,13902.959960000002,13885.559570000001,13895.139650000001,1296540000.0,23858.78631316266,23787.69922,23742.421476703923
441,13911.16016,13941.559570000001,13895.2002,13940.41992,2160680000.0,24025.590292019206,23953.75,23925.253812033967
442,13976.84961,13978.61035,13928.15039,13944.13965,2428670000.0,23841.940717330144,23770.929690000004,23749.93570522781
443,13951.25977,13952.780269999997,13864.57031,13876.150389999999,3013290000.0,23388.724310900798,23319.75977,23314.278545065223
444,13856.719729999999,13943.299810000002,13852.73047,13941.79981,3674070000.0000005,23389.085310986924,23320.11914,23327.838608777864
445,13911.190430000002,13923.509769999999,13880.53027,13898.4502,3420380000.0,23285.990880875186,23217.490230000003,23220.527812594435
446,13897.00977,13986.690429999999,13896.58984,13934.44043,3720890000.0,23600.208552274693,23530.28906,23538.623207396708
447,13974.07031,14004.41992,13960.16992,13997.65039,3638390000.0,23884.48242325301,23813.2793,23818.586219364417
448,14018.120119999998,14021.65039,13941.51953,13957.96973,3212970000.0,24040.948702506506,23969.039060000003,23964.30724007307
449,14024.230470000002,14068.58008,14005.62988,14037.12988,3665130000.0,23995.183460794942,23923.480470000002,23928.832413009663
450,14022.29981,14089.94043,14021.179690000003,14053.23047,3716840000.0,24032.068765390548,23960.199219999995,23966.520249139176
451,14103.530270000001,14142.309569999998,14094.879880000002,14141.780269999997,3535080000.0,24175.968540936323,24103.44922,24104.46170250936
452,14168.13965,14183.25977,14156.40039,14183.2002,3698170000.0000005,24145.19089530965,24072.810550000002,24077.55412397744
453,14126.12012,14153.01953,14102.38965,14109.980470000002,4105340000.0,23906.794101030762,23835.49023,23850.75195189207
454,14147.88965,14168.200200000001,14104.05957,14110.240229999998,3619850000.0,23914.850017302873,23843.50977,23847.758207675215
455,14064.28027,14109.58984,14003.28027,14102.040040000002,3764860000.0,23921.489367107402,23850.11914,23857.60213877528
456,14120.01953,14120.01953,13920.570309999997,13978.46973,3707130000.0,23497.355451880765,23427.90039,23436.130186129318
457,13746.629880000002,13826.42969,13742.009770000002,13769.599609999997,3823100000.0,23195.019562346013,23126.92969,23139.091023853674
458,13812.65039,13913.589839999999,13798.33984,13877.610350000003,3526719999.9999995,23378.237497980597,23309.320310000003,23314.378568073862
459,13912.79004,13922.44043,13843.79004,13843.80957,3584499999.9999995,23353.385047412,23284.58008,23291.196846613682
460,13745.2002,13869.63965,13699.80957,13861.91992,3787249999.9999995,23217.10953903851,23148.91992,23159.730493844316
461,13783.80957,13788.21973,13573.04004,13614.09961,4527830000.0,22941.213347244036,22874.269530000005,22901.72114306407
462,13655.88965,13765.330080000002,13655.88965,13677.91992,3757910000.0,22948.105799927773,22881.13086,22892.807981627713
463,13826.099609999997,13920.62988,13826.099610000001,13862.83984,3995320000.0,23420.579080250525,23351.470700000005,23366.40998148367
464,13964.0,14029.910159999998,13947.58984,14024.86035,4117730000.0,23711.521733936846,23641.09961,23657.36441073387
465,14066.90039,14069.33008,14023.48047,14034.950200000001,3868370000.0,23970.601762802286,23899.00977,23909.14038318417
466,13987.50977,13987.50977,13912.04004,13931.92969,3730650000.0,23702.16895170154,23631.78906,23640.1465611637
467,13904.01953,13984.54981,13899.53027,13984.480469999999,3450350000.0,23812.087164419143,23741.210940000004,23742.6006845944
468,14117.830080000002,14148.240229999998,14108.51953,14136.980469999999,3926380000.0,23921.128367021276,23849.75977,23860.720911752935
469,14069.249999999998,14132.87988,14049.12988,14099.04004,3498240000.0,23785.274683385982,23714.51953,23716.507182216108
470,14104.76953,14110.19043,14046.599609999997,14097.33984,3398040000.0,23467.89233195937,23398.57031,23399.495370007407
471,14047.91016,14072.69043,13990.700199999997,14039.00977,3746720000.0,23398.338031395764,23329.330080000003,23338.085410329386
472,14077.50977,14115.9502,14066.240229999998,14087.12988,3600150000.0,23737.117782200723,23666.58008,23671.045335581945
473,14061.04004,14104.91992,13955.75,14061.480470000002,4007319999.9999995,23497.223998305704,23427.76953,23441.7675940328
474,14014.62988,14014.62988,13931.12988,13975.780270000001,3899270000.0,23016.65360569133,22949.369140000003,22962.1016992782
475,13570.209960000002,13582.740229999998,13110.08984,13143.730469999999,5591510000.000001,22438.815885087293,22374.140630000005,22423.594491275726
476,13194.30957,13323.339840000002,13041.94043,13046.62012,5478110000.0,22319.968683763054,22255.83008,22302.79587021923
477,12841.400390000003,12977.17969,12544.99023,12547.249999999998,7058840000.000001,21578.801654079904,21518.00977,21590.5945400925
478,12547.249999999998,12547.25,12024.4502,12380.969729999999,8563850000.0,20907.549925046496,20849.789060000003,20940.381080360366
479,12441.42969,12830.12988,12316.17969,12827.990230000001,6376400000.000001,21713.38984340988,21651.99023,21711.98079632474
480,12845.05957,13015.66016,12432.51953,12542.74023,6355940000.0,20955.175135396155,20897.19922,20952.628342084638
481,12696.610349999999,13011.4502,12673.90039,13009.95996,5035480000.0,21460.12514350513,21399.86914,21434.69201062963
482,12740.860350000003,12786.63965,12489.76953,12593.03027,5575550000.0,21068.287450998974,21009.80078,21053.493211044766
483,12593.03027,12593.03027,12106.74023,12352.030270000001,6552140000.0,20398.774051344877,20343.31055,20397.572882986482
484,11748.610350000003,11748.61035,11240.76953,11298.42969,8423050000.0,19526.415017715026,19474.89063,19551.0253709667
485,11635.219730000003,11794.00977,11246.51953,11793.26953,7635960000.0,19811.069507366672,19758.259770000004,19824.325739192394
486,11523.94043,11523.94043,11053.79004,11177.29004,7374110000.0,19114.17268862406,19064.50977,19122.59070555281
487,10466.700200000001,10646.91992,10054.46973,10060.75977,8829380000.0,18229.137265098376,18183.4707,18253.565800758675
488,10445.440430000002,10851.75,10060.34961,10851.740230000001,8258670000.000001,17629.036908161903,17586.08008,17638.808413775827
489,10851.98047,10851.98047,9559.230469,9567.530273,7781540000.0,16766.00906928968,16726.94922,16772.01805077882
490,9726.179688,10154.16016,9484.650391,10063.36035,8358500000.0,17195.077375625966,17154.08008,17206.380468662934
491,9562.490234,9666.570313,8953.599609,9384.599609,8755780000.0,17036.04873610396,16995.76953,17053.21606906151
492,9313.759766,9622.209961,9048.360352,9461.30957,7946710000.0,16608.920831599688,16570.57031,16614.85550924881
493,9014.580078,9053.490234,8664.94043,8777.379883,7402180000.0,17248.11765758507,17206.88086,17254.043516091348
494,9276.639648,9672.009766,9276.639648,9658.320313,7547350000.0,18493.661798476733,18446.80078,18505.40011996401
495,9749.799805,10303.90039,9591.740234,9961.379883,8285670000.0,19285.204739224253,19234.769530000005,19311.059059577885
496,10060.48047,10556.90039,10060.48047,10536.280270000001,7753160000.0,19071.440663319172,19021.970700000005,19086.514351229125
497,10135.73047,10449.21973,10064.5,10187.20996,6194330000.0,18932.914763363326,18884.07031,18929.77968590273
498,10238.12988,10455.76953,10131.59961,10434.740230000001,5746220000.0,19232.095787187263,19181.90039,19223.687572324638
499,10387.73047,10499.79981,10237.21973,10301.87012,6568290000.000001,18734.065695775033,18686.11914,18734.031879582373
500,9917.30957,10029.0,9766.799805,9844.849609,5947899999.999999,17978.956801981447,17934.41992,17970.791030881493
501,9815.269531,10142.00977,9813.509766,10062.37012,6454990000.0,17996.053531802703,17951.43945,17992.04869863385
502,10012.46973,10075.91016,9774.240234,9880.629883,6087189999.999999,17902.1804303512,17857.99023,17895.033326297813
503,10264.12988,10560.73047,10233.04004,10515.24023,6391860000.0,18927.680196819634,18878.859380000005,18925.460636821426
504,10894.2002,10912.55957,10534.74023,10537.040040000002,7040720000.0,19097.346711378745,19047.75977,19104.203142464965
505,10641.50977,10939.96973,10538.650389999999,10902.589840000002,5856370000.0,19427.07582427293,19376.0,19418.953323311696
506,11070.320310000001,11272.48047,11019.82031,11136.61035,7880140000.0,19362.824760330896,19312.03906,19379.26224859253
507,11136.61035,11136.61035,10817.150389999999,10949.530270000001,5274310000.0,19200.35284278005,19150.30078,19184.961997480514
508,11151.160160000001,11241.23047,11064.62988,11172.2002,5567400000.000001,19641.293116664805,19589.250000000004,19629.350332772075
509,10861.96973,10903.05957,10760.95996,10843.91992,5203390000.0,19362.083131526084,19311.300780000005,19346.38940896215
510,10882.830080000002,10891.67969,10718.12988,10818.03027,5179990000.0,19627.83194309953,19575.84961,19612.465893230696
511,11101.32031,11231.26953,11030.41992,11208.290040000002,5792140000.0,19742.34904196318,19689.849610000005,19733.307579749242
512,11016.87988,11181.80957,10985.05957,11003.87988,5220160000.0,19531.376872837678,19479.830080000003,19515.70057841625
513,10763.66992,10861.79004,10667.29004,10706.440430000002,5075830000.0,19159.04522936855,19109.179690000004,19142.12436561463
514,10919.969730000003,10955.5,10844.759769999999,10908.55957,5049660000.0,19363.82929628584,19313.03906,19346.11851331376
515,10961.240230000001,11099.0,10905.839839999999,10916.679690000003,5756520000.0,19382.7349844094,19331.85938,19373.459524883106
516,11000.700200000001,11050.00977,10868.92969,11017.90039,5374480000.0,19462.073696217438,19410.83984,19447.922487188313
517,11106.03027,11301.30957,11086.959959999998,11264.83984,5194260000.0,19829.070711316395,19776.17969,19812.41049828846
518,11462.37988,11481.29981,11272.78027,11319.700200000001,5672880000.000001,20160.065308470545,20105.679690000004,20150.443812812464
519,11473.23047,11492.91016,11326.200199999997,11372.33984,6523119999.999999,20045.840539615147,19991.970700000005,20047.171445602773
520,11158.87012,11187.76953,11011.459959999998,11058.57031,4753160000.0,19520.01501869248,19468.51953,19498.657769111196
521,11140.92969,11228.25,11109.55957,11121.669920000002,5164640000.0,20025.869500929926,19972.08984,20009.84897129648
522,11281.299810000002,11360.11035,11237.50977,11354.339840000002,4857160000.0,20389.150516533635,20333.730470000002,20368.384224174246
523,11244.250000000002,11345.42969,11205.40039,11281.370120000001,4807320000.0,20469.011124951703,20413.23047,20447.93168941852
524,11332.41992,11343.38965,11055.580079999998,11055.580080000002,5107710000.0,20195.465386566048,20140.91992,20179.46715581876
525,11035.230470000002,11038.37988,10747.809569999998,10829.44043,6143130000.0,20195.03374751157,20140.490230000003,20193.98021653036
526,10661.92969,10927.84961,10551.549809999999,10927.410160000001,5641919999.999999,20204.374756585483,20149.78906,20195.56947100093
527,10927.410160000001,10968.16992,10817.12012,10947.320310000001,5477040000.0,20151.968196178917,20097.61914,20140.87911261151
528,11282.88965,11454.34961,11282.88965,11402.23047,6364290000.0,20525.555509591726,20469.519530000005,20526.430302280558
529,11374.230470000002,11409.66016,11248.540039999998,11248.969730000003,4969330000.0,20510.45803736408,20454.49023,20491.95848372043
530,11408.610350000003,11477.33008,11384.36035,11420.04004,4992970000.0,20749.637656467297,20692.58984,20730.80926072125
531,11393.919920000002,11447.25977,11287.42969,11351.599610000001,4966940000.0,20640.504247509856,20583.949220000002,20621.56468637083
532,11325.08008,11333.65039,11247.29004,11331.96973,3952800000.0,20986.076389172085,20927.96094,20952.021257990546
533,11636.540040000002,11676.95996,11590.30957,11603.0,5837060000.0,21308.883626524414,21249.31055,21303.272890947675
534,11787.55957,11837.54981,11602.429689999999,11837.53027,6371230000.0,21674.12269365686,21612.90039,21677.547875601307
535,11935.87988,11939.74023,11783.219729999999,11804.91016,5402670000.0,21869.736452295067,21807.630860000005,21856.776604203496
536,11750.96973,11817.38965,11645.70996,11802.950200000001,7275080000.0,21973.464603959346,21910.890630000005,21994.56107701846
537,11799.91992,11928.79981,11781.87988,11900.240230000001,4673410000.0,22239.293848726702,22175.51953,22212.234760357213
538,11900.240230000001,12046.41016,11900.240229999998,12046.410160000001,5187230000.0,22714.931819121914,22649.009770000004,22696.37390633143
539,12175.05957,12329.29004,12175.05957,12302.190430000002,5989560000.0,22952.13375806383,22885.14063,22948.897272929604
540,12236.740230000001,12328.50977,12202.360349999999,12286.98047,6428130000.0,22678.839153666904,22613.08008,22684.22388919889
541,12640.980469999999,12752.13965,12600.700200000001,12641.44043,8617590000.0,23190.04789290708,23121.98047,23241.556260952002
542,12734.54004,12836.679690000003,12688.549810000002,12836.599610000001,8437379999.999999,23203.919118049165,23135.78906,23250.611121650596
543,12635.59961,12682.74023,12578.54004,12619.51953,6382620000.0,23006.23743173948,22939.000000000004,23009.866853527932
544,12616.629880000002,12628.910160000001,12431.559570000001,12449.21973,6570840000.0,22914.84427842675,22848.019530000005,22923.173299999893
545,12090.129880000002,12099.17969,11636.00977,11659.169920000002,7018889999.999999,22145.46979876588,22082.11914,22163.77778029774
546,11999.48047,12030.94043,11640.589839999999,11867.169920000002,5832249999.999999,22198.8612765402,22135.269530000005,22193.830526767924
547,11565.82031,11997.65039,11525.360349999999,11942.91016,5740660000.0,21974.869377174815,21912.289060000003,21967.154772651807
548,12304.139650000001,12318.75,11992.98047,12161.46973,5829240000.0,22582.46452664433,22517.140630000005,22576.54078514998
549,12193.41016,12202.58008,12068.209959999998,12086.490230000001,4549390000.0,22428.509577232835,22363.880860000005,22398.16364132966
550,11994.45996,12110.2002,11984.709959999998,12072.58984,4429030000.0,22581.067588809303,22515.750000000004,22547.820289586503
551,12240.30957,12240.30957,11946.95996,11980.12012,8327779999.999999,22418.271939456255,22353.68945,22461.561558304347
552,11963.29981,12045.65039,11907.219729999999,12028.91016,4665380000.0,22606.44193598793,22541.009770000004,22577.881371307412
553,11956.290040000002,11961.62012,11650.91016,11726.54004,5587200000.000001,22352.15307149567,22287.86914,22343.264901672243
554,11680.389650000001,11866.2002,11640.01953,11865.110350000003,4815420000.0,22489.27222934557,22424.369140000003,22464.431662968862
555,11796.40039,11814.00977,11578.809569999998,11604.42969,8098120000.000001,22319.185848893372,22255.050780000005,22358.958789569147
556,11683.070310000001,11777.63965,11605.46973,11777.08008,4462770000.0,22399.597776779592,22335.099610000005,22368.608231485752
557,11736.75,11934.95996,11724.57031,11893.78027,4696280000.0,22402.813467142485,22338.300780000005,22375.82378019218
558,11907.83008,11982.23047,11858.82031,11901.549810000002,4443130000.0,22246.486486889855,22182.67969,22215.267402410762
559,12088.7002,12138.83008,11970.79981,11991.519530000001,4190829999.9999995,22405.79568325872,22341.26953,22369.14724436563
560,12181.290040000002,12218.19043,12114.320309999997,12160.00977,4736450000.0,22715.8264789341,22649.90039,22687.962249146713
561,12056.20996,12107.9502,11979.769529999998,11990.139650000001,4563700000.0,22546.772108495214,22481.60938,22516.718690734077
562,12023.57031,12095.17969,11971.889649999997,12086.38965,4927700000.0,22507.285206456687,22442.30078,22483.815288517722
563,12089.24023,12103.16016,11831.04004,11928.629880000002,4829020000.0,22600.3754730385,22534.9707,22575.700314035734
564,11935.29981,12079.11035,11906.209959999998,12075.58008,4515340000.0,22657.473146037137,22591.81055,22625.578454342933
565,12159.750000000002,12242.67969,12000.980469999999,12014.66992,4890780000.0,22697.713439996514,22631.869140000003,22673.75481429484
566,11989.41016,12215.15039,11963.499999999998,12014.66992,4476170000.0,22884.598333681024,22817.91016,22851.61517257053
567,12377.65039,12419.79981,12309.25977,12391.320309999997,4669760000.0,22975.057579961802,22907.96094,22944.114228224902
568,12310.179690000003,12381.37988,12295.69043,12350.11035,3961229999.9999995,22874.21158258729,22807.57031,22829.44618407281
569,12395.759770000002,12427.49023,12339.87012,12402.74023,3993830000.0,22838.55055618677,22772.07031,22794.428406590538
570,12413.150390000003,12432.769530000001,12352.71973,12392.98047,3971200000.0,22855.939626061634,22789.38086,22811.350354760154
571,12492.08008,12570.709960000002,12481.969730000003,12508.67969,4547960000.0,22858.319512373928,22791.75,22824.79511417117
572,12508.67969,12578.98047,12480.730469999999,12569.07031,4255190000.0,22561.17699336336,22495.94922,22522.614491409873
573,12481.00977,12556.55957,12444.50977,12553.12988,3963910000.0,22801.33171551804,22735.01953,22756.129318741576
574,12515.83984,12563.4502,12482.269530000001,12491.21973,4027890000.0000005,22609.335863439086,22543.89063,22566.67462671466
575,12533.45996,12688.69043,12533.45996,12669.62012,4676300000.0,22554.437571686998,22489.240230000003,22523.467465400197
576,12491.45996,12544.79981,12393.79981,12533.28027,4254010000.0000005,22331.781785504572,22267.589840000004,22294.16888572425
577,12509.33008,12509.33008,12320.730469999999,12465.04981,5117260000.0,22010.32047565147,21947.58008,21989.301533814276
578,12513.20996,12562.26953,12470.46973,12536.80957,4643640000.0,22444.4408846206,22379.740230000003,22413.778344344722
579,12548.92969,12612.469729999999,12532.61035,12612.110350000003,4621670000.0,22544.87486152783,22479.720700000005,22513.170652344354
580,12612.089839999999,12751.36035,12612.089840000002,12731.54981,4732220000.0,22536.828769617354,22471.710940000004,22506.688605701267
581,12702.87988,12731.29004,12659.30957,12729.16992,4267490000.0,22498.72507340735,22433.779300000002,22459.916735495644
582,12655.7002,12766.049809999999,12650.67969,12765.839839999999,4104860000.0,22570.7809095874,22505.50977,22528.407490660124
583,12996.42969,13003.58984,12826.87012,12849.42969,5087650000.0,22813.80797171557,22747.43945,22789.827348193216
584,12984.900390000003,13010.860349999999,12944.78027,12974.83008,3768560000.0,23191.433057580714,23123.35938,23138.349186539614
585,12914.7002,12965.58984,12885.509770000002,12919.150389999999,3648810000.0,23392.90333115376,23323.91992,23336.1960868329
586,12864.74023,12932.88965,12856.69043,12902.5,3193400000.0,23257.85406986582,23189.48047,23192.643620519844
587,12942.30957,12954.91992,12917.71973,12936.110349999999,3671290000.0,23165.758524922676,23097.80078,23110.983169218103
588,12967.94043,12975.540040000002,12877.19043,12910.33008,3881310000.0,23065.4344241582,22997.929690000004,23015.76404341218
589,12931.080079999998,12946.809570000001,12843.280270000001,12859.87988,3884479999.9999995,23071.11044407266,23003.580080000003,23021.72652609373
590,12751.29004,12832.33008,12739.0,12812.86035,3642850000.0,23090.377132282345,23022.759770000004,23035.996475326006
591,12782.05957,12814.11035,12762.94043,12809.07031,3705420000.0,22980.319620563867,22913.19922,22927.93272816089
592,12904.950200000001,12973.40039,12881.40039,12972.87988,3728689999.9999995,23311.35541373753,23242.740230000003,23256.586107208226
593,13029.900389999999,13029.90039,12943.15039,13001.990230000001,3619300000.0,23325.730875747555,23257.05078,23268.51385098824
594,13006.179690000003,13057.86035,12975.95996,13042.54004,3754360000.0,23379.964044153152,23311.03906,23325.007401950043
595,13066.150390000003,13111.4502,13012.96973,13068.80957,3929560000.0000005,23300.868610862683,23232.30078,23250.05682747773
596,13115.370120000001,13173.969729999999,13066.719730000003,13170.95996,3855880000.0,23215.322178259237,23147.140630000005,23162.932619329167
597,13134.38965,13136.54981,13043.62988,13045.599610000001,4342290000.0,23157.551546533658,23089.63086,23116.326064929486
598,13032.040040000002,13113.92969,13004.16992,13113.740230000001,4083109999.9999995,23329.788256741736,23261.089840000004,23281.769678049608
599,13132.709959999998,13299.73047,13112.82031,13276.74023,4285190000.0,23594.383419043083,23524.490229999996,23548.533820502533
600,13253.79981,13285.089840000002,12887.59961,12966.139649999997,4898680000.0,23198.425562045566,23130.32031,23169.434114890602
601,13022.46973,13069.96973,12723.79004,12966.139649999997,4431440000.0,23257.159523661216,23188.789060000003,23217.76606618928
602,12777.549810000002,12815.999999999998,12659.160159999998,12688.07031,4665600000.0,23034.254572380527,22966.89063,23001.89140779755
603,12806.240229999998,12969.459960000002,12803.740230000001,12885.799809999999,3920830000.0,23261.862399369325,23193.470700000005,23211.904995724817
604,12924.5,12964.200199999997,12688.320309999997,12706.690430000002,4192249999.9999995,23182.664945407265,23114.63086,23139.96622517925
605,12779.980469999999,12827.86035,12683.33984,12773.040039999998,3704450000.0000005,23500.630008050615,23431.16016,23444.972497934556
606,12868.309570000001,12970.57031,12858.17969,12932.690430000002,3832130000.0,23508.334718462163,23438.83008,23454.67889739775
607,13010.96973,13047.48047,12942.519530000001,12967.17969,4051460000.0,23494.673421243937,23425.230469999995,23445.84908846859
608,13013.45996,13128.67969,12990.7002,12997.86035,4710030000.0,23486.02303063905,23416.61914,23451.56151362855
609,12866.169919999998,12981.33984,12824.44043,12948.4502,4371940000.0,23390.16047586486,23321.189449999998,23348.82954850719
610,12937.59961,12962.63965,12779.400389999999,12833.57031,7068700000.0,23314.520103809988,23245.890630000005,23332.639713192457
611,12630.53027,12657.2002,12355.42969,12359.160160000001,4364500000.0,23283.489355304104,23215.0,23245.464104331128
612,12314.58008,12476.129879999999,12228.969729999999,12365.54004,4599470000.0,23285.830004442,23217.33008,23252.451822851213
613,12293.889650000001,12507.92969,12281.98047,12485.379879999999,3792220000.0,23461.25298215484,23391.960939999997,23408.744719889462
614,12650.04981,12735.16016,12642.969730000003,12677.54004,3946059999.9999995,23479.876134495713,23410.499999999996,23430.012112100994
615,12660.92969,12688.700200000001,12562.530269999997,12602.63965,3651880000.0,23548.535775247132,23478.849609999997,23492.11806521412
616,12643.4502,12795.62988,12621.509770000002,12701.889650000001,4722530000.0,23363.652108046706,23294.80078,23331.208828485564
617,12554.12012,12803.51953,12551.96973,12749.79004,3961549999.9999995,23322.946824439146,23254.279300000002,23273.96510495898
618,12842.490229999998,12957.55957,12842.49023,12949.650389999999,3686920000.0,23489.489854990676,23420.07031,23432.673835497513
619,12995.9502,13083.29981,12824.200199999997,12837.87988,4443380000.0,23341.19916237761,23272.449220000002,23302.46054875302
620,12950.559569999998,13073.000000000002,12950.559570000001,13042.33008,3807830000.0,23576.15069969182,23506.33984,23520.994152124364
621,13116.129880000002,13191.00977,13100.969729999999,13190.58008,3856190000.0,23784.611538975325,23713.859379999998,23728.386303700256
622,13256.820309999997,13296.999999999998,13207.589840000002,13252.62012,3939060000.0,23658.924854148252,23588.74023,23605.22741748161
623,13289.54981,13350.58984,13274.94043,13324.87012,3428970000.0,23738.4440810674,23667.90039,23672.410927491535
624,13271.25,13280.19043,13181.58984,13211.9502,3605150000.0,23615.64937489174,23545.66016,23555.117279362712
625,13222.360350000003,13267.160159999998,13135.90039,13143.16016,3840629999.9999995,23618.451085942233,23548.44922,23563.466422167032
626,12974.12988,13148.700200000001,12960.98047,13137.250000000002,3717640000.0,23548.084517605454,23478.40039,23490.659396338157
627,13183.610349999999,13241.53027,13164.540039999998,13169.32031,4675890000.0,23613.66972583997,23543.68945,23577.07371896708
628,13169.32031,13247.75,12999.41016,13018.50977,4086200000.0,23658.049812923266,23587.869140000003,23608.975501888606
629,13018.50977,13198.01953,13018.50977,13092.16016,3901260000.0,23685.825623846496,23615.51953,23631.847429863697
630,13092.16016,13153.41992,13039.34961,13040.12988,4097750000.0,23595.4880168245,23525.58984,23546.786196268287
631,13040.12988,13162.799809999999,13002.95996,13145.91992,4163630000.0,23628.75935264181,23558.710940000004,23580.660655193496
632,13145.91992,13215.58984,13117.82031,13199.86035,3646570000.0,23590.655656431798,23520.779299999995,23531.15760116869
633,13063.79981,13063.79981,12815.28027,12936.38965,3988079999.9999995,23446.18494283068,23376.960940000004,23396.508571832816
634,12921.249999999998,12934.110349999999,12817.870120000001,12817.87012,3946990000.0,23441.813644350583,23372.60938,23391.76303575635
635,12575.290039999998,12617.58008,12411.099609999997,12415.419920000002,5129860000.0,23239.048453614098,23170.75977,23217.23538856012
636,12409.04004,12584.46973,12317.799809999999,12502.29004,4903070000.0,23389.679795365064,23320.71094,23361.929784221786
637,12448.69043,12492.620119999998,12293.75,12429.33008,4840450000.0,23178.75666768488,23110.740230000003,23150.65757343583
638,12573.33984,12675.12988,12535.92969,12662.16992,4310590000.0,23689.904592318348,23619.580080000003,23646.89672503827
639,12916.23047,13161.51953,12868.62012,12978.9502,4783040000.0,23847.234149680797,23776.19922,23813.080786264
640,13125.749999999998,13252.83008,13125.75,13199.12012,4841190000.0,24148.616513596404,24076.2207,24113.356804235824
641,13233.4502,13270.46973,13188.240229999998,13218.669919999998,4833950000.0,24643.470151820144,24568.83984,24605.4602822728
642,13726.20996,13930.879879999999,13608.37988,13611.65039,8556610000.0,25164.282807284366,25087.30078,25222.313290207447
643,13663.17969,13732.620119999998,13577.01953,13707.990229999998,6024230000.000001,25222.90690280262,25145.66016,25211.788646965262
644,13779.929689999999,13779.929690000003,13669.88965,13724.780269999997,4609970000.0,25517.92851491544,25439.34961,25465.294183939917
645,13645.4502,13675.240230000001,13476.23047,13551.46973,4890120000.0,25484.06663250094,25405.64063,25440.677410147484
646,13644.950199999997,13787.7002,13644.9502,13761.32031,4709670000.0,25732.236054817506,25652.689450000005,25680.393664014708
647,13946.190429999999,13985.50977,13879.17969,13982.190429999999,5281980000.0,26124.768293528265,26043.44922,26085.998077707107
648,13880.80957,13989.33984,13818.75977,13949.09961,4799570000.0,25941.040234445045,25860.55078,25889.18752691998
649,13986.410160000001,14004.61035,13808.37012,13808.650390000003,5274450000.0,25708.168397963706,25628.73047,25673.19895343508
650,13765.519530000001,13871.25977,13714.26953,13863.23047,4347200000.0,25565.62435418809,25486.83008,25504.176739339266
651,13853.120119999998,13883.4502,13810.240229999998,13827.0,4218970000.0,25982.124187926176,25901.449220000002,25912.899926009315
652,14158.709959999998,14271.08984,14138.37988,14249.5,6267570000.0,26551.766703302586,26468.51953,26539.927496655913
653,14249.5,14249.499999999998,14122.099609999997,14191.58008,4902560000.0,26613.806612836674,26530.279299999995,26557.72881377647
654,14191.58008,14229.120119999998,14165.70996,14198.5,2778450000.0,26914.986894254227,26830.099610000005,26783.55853994453
655,14140.950199999997,14140.9502,13977.04981,14006.45996,6291400000.0,26708.15254936217,26624.19922,26697.863827294415
656,14183.4502,14233.45996,14131.330079999998,14146.63965,5403660000.0,26970.12649563341,26884.99023,26927.573612672535
657,14104.05957,14198.79004,14076.709960000002,14188.240229999998,5029620000.0,26824.78074080729,26740.30078,26770.68335599937
658,14210.540040000002,14283.73047,14184.49023,14217.179689999999,5091760000.0,26781.54449872518,26697.259770000004,26729.873968475298
659,14299.509769999999,14417.40039,14297.730469999999,14417.33008,5086370000.0,26979.428267532923,26894.250000000004,26924.41733106664
660,14375.54981,14386.98047,14314.46973,14354.969729999999,4788560000.0,26463.167415614542,26380.32031,26403.976778999302
661,14304.139650000001,14424.98047,14304.139650000001,14402.16992,4549670000.0,26609.84928362361,26526.33984,26541.04580946082
662,14466.070310000001,14476.67969,14293.26953,14374.080079999998,5209940000.0,26772.744994803135,26688.5,26724.333805163547
663,14310.40039,14413.059570000001,14290.929690000003,14394.33984,4618240000.0,26817.29577263589,26732.84961,26748.425458160633
664,14332.96973,14369.24023,14260.889650000001,14355.29004,4367150000.0,26743.642885013225,26659.5293,26667.527682299755
665,14445.36035,14459.65039,14214.03027,14214.929689999999,4594920000.0,26767.329923193694,26683.109380000005,26699.566996858157
666,14303.03027,14410.150389999999,14271.36035,14402.32031,4360280000.0,26920.50202769014,26835.589840000004,26841.61911804165
667,14426.080079999998,14442.88965,14370.50977,14408.94043,4056950000.0,26828.999008280014,26744.500000000004,26741.165454783702
668,14488.690430000002,14519.990229999998,14472.190429999999,14516.730470000002,4184930000.0,26860.169055786766,26775.5293,26775.59281867332
669,14525.74023,14529.87988,14394.34961,14467.82031,7068340000.0,26919.005038074,26834.09961,26930.57569214011
670,14257.73047,14408.110349999999,14171.769529999998,14378.849610000001,4732160000.0,26642.989165865853,26559.33008,26579.926975651713
671,14368.559569999998,14368.990230000001,14305.62012,14321.33984,4023940000.0,26664.184482746154,26580.429689999997,26577.99180827627
672,14397.00977,14457.29004,14397.00977,14398.62012,3772630000.0000005,26719.112197356368,26635.10938,26623.436984408996
673,14398.62012,14398.62012,14324.769529999998,14382.500000000002,1885090000.0,26775.54670585363,26691.28906,26616.435373804376
674,14476.34961,14481.480469999999,14396.23047,14405.76953,3527460000.0,27021.75023121565,26936.38086,26913.099449797628
675,14500.030270000001,14515.80957,14371.870119999998,14397.91992,3387030000.0,27647.293605408624,27559.099610000005,27522.509078839506
676,14447.959959999998,14520.570310000001,14447.95996,14477.48047,3145200000.0,27663.839015761718,27575.57031,27529.28008084088
677,14601.4502,14605.75,14258.249999999998,14376.7002,5006680000.0,27237.725461528673,27151.38086,27177.783947195967
678,14378.7002,14579.28027,14378.7002,14536.53027,4582620000.0,27188.97407596528,27102.849609999997,27113.56500802538
679,14594.48047,14898.49023,14590.41016,14788.83984,6049970000.0,27427.66320025242,27340.460940000004,27399.916989669804
680,14866.91992,14948.29981,14849.349610000001,14928.75,5080870000.0,27809.065100219523,27720.14063,27741.540018837128
681,14990.51953,15006.16016,14818.79981,14966.83008,4764180000.0,28094.582857934765,28004.36914,28011.068686112118
682,14970.78027,15024.51953,14923.82031,15010.290039999998,4977210000.0,28230.92899523126,28140.099610000005,28153.329188563606
683,15017.01953,15045.540040000002,14931.120119999998,14983.610349999999,4590420000.0,28534.932575176972,28442.730470000002,28437.508448187073
684,15063.559569999998,15129.12012,15037.29004,15044.37988,5180140000.0,28871.1911717783,28777.4707,28792.023331800996
685,14949.33984,14952.339839999999,14791.65039,14894.16992,5353060000.0,28497.523415126216,28405.49023,28431.71822735373
686,15026.63965,15037.490229999998,14958.71973,14987.339840000002,4982940000.0,28892.557179408064,28798.740230000003,28805.1680221861
687,15067.86035,15114.11035,15029.280270000001,15097.28027,4551790000.0,28803.82644819032,28710.410160000003,28699.42842076335
688,15102.53027,15102.53027,14998.86035,15019.049809999999,4484460000.0,28673.024877233223,28580.19922,28568.7469707701
689,14895.73047,14979.9502,14881.37988,14951.83984,5080430000.0,28792.25466612126,28698.89063,28710.653225065995
690,14951.83984,14957.98047,14765.42969,14935.29004,6955860000.0,28789.653068678344,28696.30078,28784.371571640233
691,14935.29004,14995.549810000002,14860.55957,14867.37012,6029089999.999999,28758.55169124947,28665.33984,28716.747682550613
692,14867.37012,14867.370119999998,14447.360350000003,14487.73047,9878040000.0,28260.231228674107,28169.26953,28368.36754346645
693,14487.73047,14767.549810000002,14487.73047,14669.519530000001,6937960000.000001,28412.36937435749,28320.7207,28410.79535883861
694,14669.519530000001,14669.519529999998,14328.45996,14397.2002,6612570000.0,27737.672408450126,27649.07031,27730.454135379812
695,14397.2002,14623.440430000002,14397.2002,14596.17969,5392870000.0,28298.615491776323,28207.48047,28238.512672502908
696,14596.17969,14830.790040000002,14596.17969,14768.580080000002,5495370000.0,28575.094394787542,28482.710939999997,28514.508105128
697,14768.580080000002,14871.570310000001,14753.30957,14839.05957,4846900000.0,28650.18345741963,28557.460939999997,28561.91484359678
698,14839.05957,14976.17969,14839.059569999998,14975.429689999999,4856670000.0,28724.519118085507,28631.46094,28634.637127710004
699,14975.429689999999,15087.96973,14975.42969,15069.59961,4838580000.0,28925.54598948804,28831.58008,28831.042029628767
700,15069.59961,15226.650389999999,15069.59961,15226.610349999999,4635030000.0,29532.315139177885,29435.609380000005,29416.775379001094
701,15226.610349999999,15266.83008,15168.66992,15244.40039,4554610000.0,29509.151946407204,29412.550780000005,29390.505447149237
702,15244.40039,15343.78027,15183.95996,15273.900389999999,4815380000.0,29733.495041587787,29635.880859999997,29621.844774043075
703,15297.089840000002,15373.76953,15254.870119999998,15369.599609999997,4119259999.9999995,30329.767574086505,30229.46094,30171.394800040813
704,15370.21973,15483.200200000001,15370.21973,15423.019529999998,5037360000.0,30467.75,30366.82031,30350.19565243939
705,15423.019529999998,15423.019530000001,15289.400390000003,15402.58984,4718280000.0,30412.661408956606,30311.98047,30281.0686398033
706,15402.58984,15402.58984,15205.04004,15290.639650000001,4773430000.0,30069.722246440524,29970.58984,29949.147842473805
707,15290.639650000001,15418.57031,15290.63965,15362.69043,4823940000.0,30382.32324781022,30281.7793,30256.696366698645
708,15362.69043,15423.62988,15264.84961,15340.469730000003,5870189999.999999,30119.466404842824,30020.10938,30048.569323850956
709,15359.129880000002,15566.469730000003,15326.66992,15539.41992,5942350000.0,30176.885830707834,30077.26953,30107.078616278493
710,15539.41992,15555.90039,15156.83984,15206.66992,6513060000.0,29851.87921210895,29753.73047,29815.325392167648
711,15206.66992,15209.769529999998,14943.96973,15010.469730000003,6512949999.999999,29516.081677420225,29419.44922,29484.774354373105
712,15010.469730000003,15396.51953,15010.469730000003,15327.76953,5071540000.0,30038.742518315794,29939.75,29932.249510847894
713,15327.76953,15366.919920000002,15257.91992,15277.01953,5493690000.0,29579.035865353708,29482.119139999995,29500.566876070192
714,15277.01953,15336.34961,15197.919920000002,15199.190429999999,6150789999.999999,29294.049798474058,29198.419920000004,29248.753394991654
715,15199.190429999999,15246.98047,14765.549810000002,14959.410160000001,7142239999.999999,28818.965116437474,28725.48047,28821.04667480729
716,14959.410160000001,15284.16016,14818.549810000002,15251.83008,6842570000.000001,29303.863642621964,29208.189449999998,29287.283091443864
717,15251.83008,15471.91016,15236.92969,15288.37988,5852240000.0,28842.4598763908,28748.86914,28789.93396228724
718,15288.37988,15498.08984,15288.37988,15375.62988,5496340000.0,29213.54566423253,29118.279300000002,29140.4201413866
719,15375.62988,15573.26953,15375.62988,15521.839840000002,5827250000.0,29128.80363388572,29033.91992,29069.913644756387
720,15521.839840000002,15701.82031,15521.83984,15648.000000000002,5300010000.0,29383.775261375828,29287.740230000003,29297.77161526626
721,15648.000000000002,15717.80957,15607.79981,15715.20996,4469240000.0,29902.87903040958,29804.500000000004,29769.312029777524
722,15715.20996,15778.04004,15613.16992,15775.499999999998,4882190000.0,29868.614941844076,29770.390629999998,29754.34608711015
723,15775.499999999998,15775.500000000002,15639.34961,15669.29981,4604870000.0,29935.355758195798,29836.830079999996,29807.75142768027
724,15669.29981,15746.03027,15579.530269999997,15731.15039,4541620000.0,30248.419780323213,30148.48047,30110.326585642302
725,15731.15039,15797.940429999999,15559.830079999998,15589.08984,4043170000.0,30003.403254826997,29904.57031,29848.760861221614
726,15589.070309999997,15636.120120000001,15454.11035,15562.25977,7725050000.000001,29540.843880478627,29444.09961,29557.296592469054
727,15562.25977,15595.599609999997,15496.559569999998,15551.55957,4311380000.0,29477.950507151854,29381.49023,29347.52750522957
728,15551.580080000002,15551.580080000002,15306.070309999997,15346.53027,4645340000.0,28859.21718355824,28765.550780000005,28756.59018099119
729,15346.53027,15479.84961,15276.55957,15276.55957,4766990000.0,28549.598408350135,28457.33008,28457.492211787758
730,15276.55957,15439.089839999999,15138.69043,15410.370120000001,4940800000.0,29163.560186157774,29068.519530000005,29067.33249545016
731,15410.370120000001,15687.17969,15410.37012,15682.54004,5467850000.0,29575.01772153393,29478.11914,29492.878996489646
732,15682.54004,15682.54004,15522.66016,15611.879879999999,4619840000.0,29461.42471538595,29365.039059999996,29344.6560113566
733,15611.879879999999,15663.00977,15551.53027,15626.11035,4103570000.0,29374.322427359406,29278.33008,29236.561701605515
734,15626.11035,15681.910159999998,15601.740229999998,15601.740229999998,4564980000.0,29538.644499232076,29441.91016,29417.91175151589
735,15601.740229999998,15752.33008,15601.740229999998,15751.7002,4151239999.9999995,30184.258973936732,30084.60938,30029.007879620072
736,15752.240230000001,15882.09961,15752.24023,15870.33984,3999759999.9999995,30309.10395808715,30208.89063,30142.843787908638
737,15870.33984,15920.28027,15842.25,15877.95996,4027880000.0,29841.582718570768,29743.480469999995,29688.297560406565
738,15877.95996,15905.25,15804.4502,15838.84961,4112640000.0,29773.67647978556,29675.88086,29626.13187132995
739,15838.84961,15894.79981,15812.370120000001,15886.55957,3901910000.0,29964.185156564658,29865.5293,29802.011218351243
740,15886.55957,15956.37988,15865.599609999997,15956.37012,3634910000.0,29973.125918332687,29874.42969,29797.922777873187
741,15956.37012,15986.36035,15933.73047,15977.45996,3578500000.0,29703.166684712323,29605.689449999998,29532.244996430738
742,15977.45996,15989.799809999999,15902.16016,15962.339839999999,3728440000.0,29816.047494958962,29718.060549999995,29649.217737406852
743,15962.339839999999,16076.259770000002,15962.33984,16000.15039,3976540000.0,29671.23343096844,29573.90039,29518.943325490414
744,16000.15039,16123.46973,16000.15039,16116.84961,4027680000.0,29887.389166347213,29789.08008,29731.50472172103
745,16116.84961,16207.099610000001,16116.849609999997,16186.29004,4157430000.0,29786.17235457029,29688.32031,29638.181865453855
746,16186.29004,16186.29004,16076.57031,16107.559569999998,3788020000.0,29452.21320104199,29355.86914,29296.092062246225
747,16107.559569999998,16107.559570000001,15887.38965,15944.61035,4338230000.0,28753.54864010731,28660.35938,28636.487553369796
748,15944.61035,16128.90039,15903.459959999998,16121.610350000003,3865820000.0,28974.968374933254,28880.7793,28832.582661803473
749,16121.610350000003,16175.200200000001,15991.839839999999,16030.620120000001,4235040000.0000005,29033.572841818954,28939.11914,28906.25794291566
750,16030.620120000001,16246.37012,16030.62012,16205.999999999998,3568080000.0,29190.653224037782,29095.490229999996,29030.351766423377
751,16205.999999999998,16278.099610000001,16206.000000000002,16241.209960000002,3738920000.0,29270.05081169814,29174.5293,29115.069865530826
752,16241.209960000002,16287.620119999998,16212.749999999998,16273.30957,3703240000.0,29029.947099879257,28935.509769999997,28878.63492203029
753,16273.30957,16362.599610000001,16273.30957,16322.12988,3772390000.0,29091.37486529312,28996.66016,28941.314618234625
754,16376.0,16376.0,16199.48047,16219.330079999998,4273680000.0,29118.84853189183,29024.00977,28990.274491754193
755,16348.41016,16462.43945,16275.16016,16459.59961,4504860000.0,29426.677977430183,29330.44922,29300.037414253587
756,16459.59961,16598.01953,16439.03906,16590.42969,4013060000.0,29473.330043573496,29376.89063,29323.33444001539
757,16590.42969,16685.89063,16516.80078,16516.83008,3678970000.0,29334.372504563173,29238.560550000002,29173.70557592761
758,16516.83008,16516.83008,16211.54004,16355.62012,3593109999.9999995,28805.523561459402,28712.099610000005,28654.299984157977
759,16355.62012,16355.62012,16030.299810000002,16042.96973,3735080000.0,28018.881661227817,27929.00977,27891.266127516636
760,16042.96973,16243.269530000001,16035.490229999998,16181.629880000002,3687780000.0,27812.639831823424,27723.699219999995,27685.668833262403
761,16181.629880000002,16438.90039,16181.629880000002,16415.35938,3251920000.0,28402.06307654839,28310.460940000004,28245.230884583056
762,16415.35938,16434.25,16341.17969,16422.96094,3307130000.0,28021.45381572189,27931.57031,27874.753995840743
763,16422.96094,16458.23047,16337.29004,16337.73047,3559790000.0,28121.556215401113,28031.2207,27983.10114153033
764,16337.73047,16337.73047,16040.42969,16233.320310000001,3485550000.0,27965.129173322017,27875.5,27827.67094294158
765,16233.320310000001,16398.76953,16233.299809999999,16350.4502,3019060000.0,28361.026215712827,28269.60938,28196.49050599911
766,16350.4502,16475.0,16344.759769999999,16375.0,3344620000.0,28303.477285072502,28212.32031,28152.769337556925
767,16375.0,16508.51953,16375.0,16464.68945,2947400000.0,28609.52917410251,28516.990230000003,28435.65802252728
768,16464.68945,16525.81055,16375.15039,16390.18945,3420870000.0000005,28488.612086261674,28396.619140000003,28336.946426669765
769,16390.18945,16466.33984,16388.32031,16451.96094,3674489999.9999995,28635.97868615907,28543.32031,28490.73597007517
770,16451.96094,16546.35938,16451.96094,16531.94922,5201110000.0,29006.87219577366,28912.53906,28916.640886895606
